항목,성별,연령,n,가중평균,가중표준편차,p1,p2,p3,p4,p5,p6,p7,p8,p9,p10,p11,p12,p13,p14,p15,p16,p17,p18,p19,p20,p21,p22,p23,p24,p25,p26,p27,p28,p29,p30,p31,p32,p33,p34,p35,p36,p37,p38,p39,p40,p41,p42,p43,p44,p45,p46,p47,p48,p49,p50,p51,p52,p53,p54,p55,p56,p57,p58,p59,p60,p61,p62,p63,p64,p65,p66,p67,p68,p69,p70,p71,p72,p73,p74,p75,p76,p77,p78,p79,p80,p81,p82,p83,p84,p85,p86,p87,p88,p89,p90,p91,p92,p93,p94,p95,p96,p97,p98,p99
키,남자,20-24세,370,175.33,5.83,159.90,163.20,163.90,164.30,165.60,166.40,166.80,167.00,167.60,167.70,168.00,168.50,168.70,169.10,169.40,169.70,170.00,170.30,170.60,170.70,170.80,171.00,171.40,171.80,172.00,172.10,172.30,172.50,172.60,172.60,172.70,173.10,173.30,173.40,173.60,173.70,173.80,174.00,174.20,174.30,174.30,174.30,174.40,174.50,174.60,174.70,174.90,174.90,175.00,175.10,175.20,175.30,175.40,175.60,175.80,175.80,175.90,176.10,176.10,176.40,176.60,176.90,177.00,177.30,177.40,177.80,177.90,178.00,178.00,178.10,178.40,178.50,178.50,178.70,178.80,179.00,179.10,179.20,179.20,179.40,179.70,179.90,180.10,180.50,180.80,181.50,181.70,182.00,182.50,182.80,183.40,184.20,184.70,184.90,185.50,186.50,186.90,187.70,188.80
키,남자,25-29세,453,174.66,6.86,156.60,160.80,163.20,164.00,164.70,165.30,166.10,166.40,166.50,167.00,167.20,167.60,167.90,168.00,168.20,168.30,168.40,168.90,169.30,169.50,169.70,170.00,170.30,170.50,170.70,170.90,170.90,171.30,171.40,171.60,171.70,171.70,172.10,172.30,172.50,172.60,172.80,172.90,173.10,173.20,173.40,173.50,173.60,173.80,173.90,174.00,174.10,174.20,174.40,174.50,174.50,174.70,174.90,175.10,175.20,175.60,175.70,176.00,176.30,176.40,176.50,176.60,176.80,176.80,177.20,177.30,177.50,177.60,177.70,177.80,178.20,178.50,178.60,178.90,179.00,179.20,179.50,179.70,179.90,180.30,180.60,180.90,181.20,181.30,181.40,181.60,181.80,182.10,182.50,183.10,183.60,183.90,184.50,184.80,185.20,186.20,186.50,186.90,188.20
키,남자,30-34세,411,174.79,5.57,160.40,163.00,164.40,165.80,166.10,166.30,166.70,167.20,167.40,167.60,167.90,168.50,168.60,168.70,168.90,169.30,169.60,169.80,170.00,170.10,170.30,170.40,170.40,170.70,170.80,171.20,171.30,171.50,171.60,171.70,171.90,172.10,172.10,172.40,172.60,172.70,172.80,173.00,173.10,173.20,173.20,173.20,173.30,173.40,173.80,174.00,174.20,174.50,174.60,174.70,175.10,175.20,175.20,175.40,175.50,175.70,175.80,175.90,176.00,176.10,176.30,176.40,176.60,176.80,177.10,177.20,177.30,177.50,177.60,177.90,178.10,178.20,178.30,178.40,178.50,178.70,179.00,179.30,179.70,179.90,180.20,180.40,180.50,180.70,180.90,181.10,181.20,181.40,181.50,181.60,181.80,182.10,182.50,183.30,183.70,184.80,185.40,186.50,187.40
키,남자,35-39세,476,174.96,5.48,162.50,163.70,165.20,165.40,166.20,167.10,167.30,167.60,167.70,168.00,168.20,168.40,168.80,169.20,169.30,169.50,169.60,169.70,169.80,170.10,170.30,170.70,170.90,171.00,171.20,171.30,171.40,171.40,171.60,171.80,172.10,172.10,172.20,172.60,172.70,172.80,172.90,173.20,173.30,173.50,173.60,173.70,173.80,174.00,174.10,174.20,174.50,174.60,174.70,174.90,174.90,175.00,175.10,175.20,175.40,175.50,175.60,175.80,175.90,176.10,176.40,176.50,176.70,176.80,177.00,177.10,177.30,177.40,177.40,177.50,177.80,178.10,178.20,178.30,178.40,178.60,178.90,179.20,179.30,179.70,180.00,180.20,180.50,180.60,181.10,181.20,181.60,181.80,182.10,182.30,182.60,183.00,183.30,183.60,184.10,184.30,185.50,186.30,187.90
키,남자,40-44세,604,175.08,6.08,161.20,162.00,162.90,163.90,164.50,165.80,166.40,167.00,167.50,167.90,168.10,168.30,168.70,168.80,169.10,169.20,169.40,169.60,169.90,170.10,170.50,170.70,171.00,171.20,171.20,171.40,171.50,171.60,171.60,171.80,172.10,172.20,172.50,172.60,172.80,172.90,173.00,173.20,173.20,173.40,173.50,173.70,173.70,173.80,173.90,174.20,174.40,174.60,174.80,175.00,175.20,175.30,175.40,175.70,175.80,176.00,176.10,176.30,176.40,176.60,176.70,176.80,176.90,177.10,177.20,177.30,177.50,177.60,177.80,178.00,178.20,178.30,178.40,178.70,178.90,179.10,179.50,179.60,180.00,180.40,180.60,180.80,181.00,181.30,181.80,182.00,182.20,182.40,182.80,183.00,183.30,183.80,184.10,184.50,184.80,185.50,186.10,187.50,188.20
키,남자,45-49세,567,173.08,5.74,159.10,160.60,161.30,163.40,164.30,164.90,165.30,165.50,166.10,166.30,166.50,166.60,166.70,167.00,167.20,167.40,167.50,168.10,168.20,168.40,168.70,168.90,169.10,169.20,169.30,169.60,169.70,169.80,169.90,170.10,170.20,170.30,170.40,170.50,170.60,170.80,171.00,171.20,171.40,171.60,171.80,171.90,172.10,172.30,172.50,172.60,172.70,172.70,173.10,173.10,173.30,173.30,173.40,173.60,173.70,173.80,173.90,174.10,174.30,174.30,174.50,174.50,174.70,174.80,175.00,175.10,175.20,175.30,175.40,175.60,175.80,176.00,176.10,176.50,176.80,176.90,177.10,177.20,177.40,177.70,177.90,178.10,178.20,178.30,178.70,179.10,179.50,179.80,180.30,180.40,180.80,181.40,181.70,182.30,182.70,183.70,184.30,185.40,187.20
키,남자,50-54세,652,171.79,5.66,159.30,161.30,161.80,162.80,163.40,163.70,164.10,164.30,164.50,164.60,164.80,165.20,165.30,165.50,165.60,165.80,166.00,166.20,166.40,166.60,166.90,167.10,167.50,167.70,167.90,168.00,168.10,168.20,168.30,168.40,168.60,168.80,168.90,169.20,169.30,169.50,169.70,170.00,170.00,170.20,170.30,170.50,170.50,170.70,170.90,171.00,171.10,171.30,171.40,171.60,171.70,171.80,172.00,172.20,172.40,172.60,172.70,172.80,173.00,173.30,173.40,173.50,173.70,173.80,173.90,174.00,174.10,174.10,174.20,174.40,174.60,174.70,174.90,175.00,175.20,175.50,175.60,176.00,176.30,176.40,176.70,177.00,177.20,177.30,177.30,177.60,178.00,178.30,178.70,179.30,179.70,180.20,180.60,181.10,181.40,182.20,183.60,184.60,186.20
키,남자,55-59세,650,170.19,5.66,157.10,157.90,158.80,160.20,160.70,161.20,161.80,162.30,162.40,162.60,162.90,163.20,163.50,163.80,164.00,164.40,164.70,165.10,165.30,165.60,165.70,165.80,166.00,166.20,166.50,166.60,166.90,167.20,167.20,167.30,167.50,167.60,167.70,167.80,168.00,168.10,168.20,168.40,168.50,168.70,168.80,168.90,169.00,169.20,169.30,169.70,170.00,170.10,170.20,170.30,170.40,170.50,170.60,170.70,170.80,170.90,171.20,171.20,171.40,171.60,171.80,171.90,172.00,172.10,172.20,172.30,172.40,172.70,172.80,173.00,173.30,173.40,173.60,173.90,174.10,174.30,174.50,174.60,174.80,175.10,175.30,175.60,175.80,176.10,176.20,176.50,176.70,176.90,177.20,177.50,178.00,178.30,178.80,179.20,179.70,180.30,181.00,182.10,183.00
키,남자,60-64세,813,169.30,5.66,156.20,157.30,158.40,159.70,160.40,160.60,160.80,161.40,161.70,162.10,162.30,162.40,162.80,163.10,163.50,163.80,163.90,164.10,164.20,164.40,164.50,164.70,164.90,165.20,165.30,165.50,165.70,165.90,166.00,166.20,166.30,166.40,166.70,166.90,167.10,167.20,167.40,167.60,167.80,168.00,168.10,168.30,168.50,168.50,168.60,168.70,168.80,169.00,169.10,169.30,169.40,169.50,169.50,169.70,169.90,170.00,170.20,170.30,170.30,170.50,170.60,170.70,170.90,171.00,171.10,171.30,171.50,171.70,171.80,172.10,172.30,172.50,172.70,173.00,173.10,173.30,173.60,174.00,174.10,174.30,174.60,174.90,175.00,175.00,175.20,175.50,175.70,176.00,176.40,176.90,177.30,177.40,177.70,178.20,178.50,179.10,180.00,180.90,182.60
키,남자,65-69세,783,167.73,5.48,154.20,155.60,157.20,158.00,158.60,159.20,159.60,160.20,160.60,160.90,161.40,161.60,162.00,162.20,162.30,162.40,162.60,162.70,163.00,163.10,163.30,163.40,163.50,163.60,163.90,164.00,164.20,164.40,164.50,164.60,164.80,165.10,165.30,165.50,165.60,165.70,165.90,166.00,166.10,166.40,166.50,166.60,166.90,167.00,167.10,167.30,167.50,167.60,167.70,167.80,167.90,168.20,168.20,168.40,168.50,168.60,168.70,168.80,169.00,169.20,169.30,169.50,169.60,169.80,169.80,169.90,170.10,170.20,170.50,170.60,170.80,171.00,171.20,171.30,171.40,171.60,171.80,172.10,172.20,172.40,172.80,172.90,173.20,173.40,173.50,173.70,174.00,174.20,174.40,174.70,175.00,175.30,175.70,176.00,176.40,176.90,177.60,178.80,179.90
키,남자,70-74세,628,166.76,5.74,153.80,155.10,156.00,156.40,157.30,158.10,158.90,159.60,159.70,159.90,160.00,160.10,160.30,160.70,161.10,161.30,161.50,161.60,161.70,162.00,162.20,162.50,162.70,162.80,162.90,163.20,163.30,163.50,163.70,163.90,163.90,164.10,164.30,164.40,164.50,164.70,164.70,164.90,165.00,165.20,165.20,165.40,165.60,165.70,165.80,165.90,166.10,166.20,166.30,166.40,166.50,166.70,166.80,167.00,167.10,167.20,167.30,167.40,167.60,167.70,168.00,168.10,168.20,168.40,168.50,168.80,169.10,169.40,169.50,169.80,169.90,170.10,170.20,170.60,170.80,170.80,171.10,171.30,171.40,171.60,171.90,172.10,172.30,172.30,172.60,172.80,173.10,173.40,173.70,174.00,174.30,174.60,175.00,175.70,176.10,176.50,177.40,178.70,180.80
키,남자,75-79세,517,165.43,5.48,153.20,154.10,155.30,155.80,156.40,157.20,157.70,158.10,158.50,158.70,158.70,159.00,159.10,159.30,159.60,159.70,159.80,160.10,160.50,160.50,160.70,160.70,160.90,160.90,161.10,161.40,161.60,161.70,162.10,162.40,162.40,162.70,162.80,163.10,163.30,163.70,163.90,164.00,164.00,164.10,164.20,164.20,164.50,164.60,164.70,164.90,165.00,165.10,165.20,165.40,165.60,165.70,165.90,165.90,166.10,166.20,166.40,166.40,166.70,166.80,167.00,167.30,167.40,167.50,167.60,167.80,167.80,167.80,168.10,168.10,168.30,168.40,168.60,168.90,169.10,169.20,169.40,169.70,170.20,170.30,170.50,170.80,171.10,171.20,171.30,171.50,171.70,171.80,172.30,172.50,172.80,173.20,173.50,173.90,174.20,174.50,175.10,175.80,178.40
키,남자,80세이상,374,164.00,5.83,150.40,153.20,153.90,154.70,155.40,155.50,156.20,156.30,156.60,156.80,156.90,157.00,157.10,157.30,157.60,157.70,157.80,157.90,158.40,158.50,158.60,158.70,159.00,159.40,159.60,159.90,160.00,160.10,160.30,160.50,160.80,161.00,161.20,161.40,161.50,161.60,161.70,161.80,162.20,162.30,162.50,162.80,162.90,163.00,163.00,163.20,163.20,163.50,163.60,163.70,164.00,164.20,164.30,164.60,164.80,164.90,165.00,165.10,165.20,165.30,165.40,165.70,165.90,166.00,166.20,166.40,166.60,167.00,167.10,167.30,167.60,167.80,168.20,168.30,168.50,168.60,168.70,168.80,168.90,169.10,169.10,169.20,169.30,169.60,169.70,170.30,170.60,170.70,171.40,171.70,172.00,172.20,172.50,172.90,173.60,174.10,174.50,176.70,177.30
키,여자,20-24세,466,162.17,5.48,147.90,151.10,152.30,153.00,153.40,153.80,154.00,154.50,154.80,154.90,155.30,155.80,156.00,156.30,156.50,156.60,157.00,157.30,157.40,157.60,157.80,158.00,158.10,158.30,158.40,158.70,158.80,159.10,159.40,159.40,159.60,159.60,159.80,160.00,160.20,160.20,160.30,160.40,160.60,160.60,160.80,161.00,161.20,161.40,161.50,161.50,161.60,161.70,161.90,162.10,162.10,162.30,162.40,162.70,162.90,163.10,163.20,163.30,163.40,163.50,163.70,163.80,163.80,163.90,164.20,164.30,164.60,164.80,164.90,165.10,165.20,165.40,165.50,165.70,165.80,165.90,166.20,166.30,166.60,166.70,166.90,167.30,167.40,167.60,167.70,168.10,168.30,168.80,168.80,169.20,169.50,169.80,170.00,170.30,170.90,171.80,172.50,173.10,174.50
키,여자,25-29세,518,162.16,5.48,150.30,151.10,151.60,152.10,153.10,153.40,154.40,154.80,155.20,155.20,155.60,156.00,156.20,156.40,156.60,156.90,157.10,157.40,157.60,157.70,157.90,158.10,158.10,158.20,158.20,158.30,158.40,158.60,158.80,159.20,159.30,159.40,159.50,159.60,159.70,159.80,160.10,160.30,160.40,160.60,160.80,161.00,161.10,161.30,161.50,161.60,161.70,161.90,162.10,162.30,162.40,162.60,162.70,162.80,162.90,163.00,163.10,163.30,163.50,163.70,163.90,164.10,164.50,164.50,164.60,164.80,164.90,165.00,165.10,165.20,165.20,165.40,165.50,165.70,165.80,166.00,166.10,166.30,166.50,166.70,167.00,167.20,167.30,167.70,168.00,168.10,168.30,168.30,168.60,168.80,169.30,169.50,169.90,170.10,170.40,171.00,171.90,172.70,175.70
키,여자,30-34세,507,162.34,5.29,150.00,152.60,153.00,154.00,154.10,154.20,154.40,154.60,154.80,154.90,155.30,155.60,155.80,156.10,156.50,156.80,156.90,157.10,157.30,157.40,157.50,157.70,157.90,158.40,158.50,158.80,159.00,159.20,159.40,159.60,159.70,159.90,160.10,160.20,160.30,160.50,160.70,160.80,160.90,161.00,161.10,161.20,161.30,161.60,161.70,161.80,162.00,162.10,162.20,162.30,162.50,162.70,162.80,162.90,163.00,163.20,163.30,163.40,163.60,163.80,164.00,164.00,164.20,164.40,164.50,164.70,164.80,165.00,165.10,165.30,165.40,165.50,165.60,165.70,165.90,166.20,166.40,166.60,166.70,166.90,167.10,167.20,167.40,167.60,168.00,168.10,168.20,168.50,168.70,168.80,169.00,169.20,169.30,169.90,170.50,171.20,172.40,173.70,175.90
키,여자,35-39세,585,161.64,5.39,148.10,149.70,151.80,152.40,152.60,153.40,153.60,154.00,154.20,154.70,154.90,155.20,155.50,155.90,156.20,156.30,156.60,156.90,157.10,157.20,157.30,157.60,157.70,157.80,158.00,158.20,158.40,158.50,158.80,159.00,159.10,159.20,159.30,159.40,159.50,159.60,159.70,159.80,159.90,160.00,160.20,160.30,160.50,160.70,160.80,160.90,161.20,161.40,161.50,161.80,161.90,162.10,162.10,162.30,162.50,162.50,162.60,162.80,162.90,163.10,163.20,163.50,163.60,163.70,163.80,163.80,163.90,164.10,164.20,164.40,164.50,164.60,164.70,164.80,165.10,165.50,165.70,165.90,166.10,166.20,166.30,166.50,166.60,166.90,167.20,167.20,167.40,167.60,167.90,168.30,168.60,169.20,169.60,169.90,170.40,171.40,172.00,172.90,174.70
키,여자,40-44세,828,161.57,5.57,148.00,150.90,151.50,152.10,152.90,153.20,154.00,154.10,154.40,154.70,155.20,155.40,155.70,155.90,156.00,156.30,156.40,156.60,156.80,157.00,157.20,157.40,157.60,157.80,157.80,158.00,158.20,158.40,158.50,158.70,158.80,159.10,159.20,159.30,159.40,159.60,159.90,160.10,160.20,160.20,160.30,160.50,160.60,160.60,160.70,160.80,161.00,161.10,161.30,161.40,161.60,161.70,161.90,162.00,162.10,162.40,162.50,162.60,162.80,162.90,162.90,163.10,163.20,163.40,163.50,163.70,163.80,163.90,164.00,164.20,164.30,164.50,164.80,165.00,165.20,165.40,165.60,165.70,165.90,166.10,166.60,166.90,167.00,167.30,167.40,167.50,167.70,168.10,168.30,168.70,169.10,169.40,169.60,170.10,170.40,171.10,171.70,173.30,174.20
키,여자,45-49세,765,160.48,5.48,147.50,149.00,150.30,151.20,151.70,152.10,152.50,153.00,153.20,153.40,153.60,153.90,154.20,154.50,154.70,154.90,155.10,155.20,155.40,155.60,155.80,156.30,156.50,156.60,156.90,157.00,157.20,157.40,157.50,157.80,157.90,158.00,158.10,158.20,158.30,158.50,158.80,158.90,159.10,159.20,159.20,159.40,159.50,159.60,159.70,159.90,160.10,160.20,160.40,160.60,160.70,160.80,160.90,161.00,161.10,161.30,161.40,161.50,161.80,161.90,162.00,162.20,162.30,162.40,162.50,162.60,162.80,162.90,163.10,163.30,163.40,163.70,163.80,163.90,164.00,164.30,164.30,164.70,164.90,165.20,165.30,165.50,165.80,166.20,166.30,166.60,166.90,167.10,167.30,167.60,167.80,168.00,168.30,168.90,169.40,169.70,170.60,171.80,172.80
키,여자,50-54세,948,159.12,5.20,145.90,148.10,148.90,149.70,150.50,150.90,151.50,151.90,152.20,152.50,152.80,153.30,153.50,153.80,154.00,154.30,154.60,154.70,154.90,155.10,155.10,155.20,155.30,155.50,155.70,156.00,156.10,156.20,156.40,156.60,156.70,156.80,157.00,157.10,157.20,157.30,157.40,157.50,157.60,157.70,157.90,158.00,158.10,158.40,158.40,158.60,158.70,159.00,159.10,159.20,159.40,159.50,159.50,159.70,159.80,159.90,160.00,160.10,160.30,160.50,160.60,160.70,160.80,161.00,161.10,161.30,161.40,161.40,161.50,161.60,161.80,161.90,162.10,162.20,162.40,162.60,162.80,162.90,163.10,163.20,163.40,163.80,164.00,164.10,164.20,164.60,164.80,165.10,165.40,165.80,166.20,166.60,167.10,167.40,167.70,168.10,168.60,169.30,170.40
키,여자,55-59세,895,157.66,5.20,145.20,146.50,147.60,148.40,148.70,149.40,149.80,149.90,150.30,150.60,151.00,151.40,151.50,151.90,152.30,152.50,152.80,153.00,153.20,153.40,153.60,153.90,154.10,154.20,154.30,154.50,154.70,154.90,155.00,155.10,155.20,155.30,155.40,155.60,155.70,155.70,155.90,156.00,156.20,156.30,156.40,156.50,156.60,156.80,156.90,157.00,157.20,157.30,157.50,157.60,157.70,157.80,158.00,158.10,158.20,158.60,158.70,158.90,159.00,159.20,159.30,159.40,159.50,159.60,159.70,159.90,160.00,160.20,160.40,160.60,160.70,160.80,160.90,161.10,161.20,161.30,161.50,161.60,161.80,162.10,162.40,162.50,162.70,162.80,163.10,163.30,163.40,163.70,164.00,164.40,164.70,165.00,165.10,165.40,166.10,166.70,167.10,168.00,169.30
키,여자,60-64세,1094,156.48,5.39,142.70,145.00,145.90,146.80,147.60,148.00,148.70,149.00,149.40,149.70,149.90,150.20,150.60,150.80,151.00,151.30,151.40,151.60,151.80,152.10,152.20,152.40,152.60,152.70,152.90,153.10,153.20,153.40,153.60,153.80,154.00,154.10,154.30,154.50,154.60,154.70,155.00,155.10,155.20,155.40,155.60,155.70,156.00,156.10,156.20,156.30,156.50,156.70,156.80,156.80,156.90,157.10,157.10,157.30,157.40,157.60,157.70,157.90,158.00,158.00,158.20,158.30,158.40,158.50,158.60,158.80,158.90,159.00,159.10,159.20,159.40,159.50,159.60,159.60,159.70,159.90,160.10,160.30,160.50,160.70,161.00,161.10,161.40,161.60,161.80,162.00,162.20,162.60,163.00,163.10,163.20,163.50,164.20,164.80,165.00,165.40,166.40,167.20,168.60
키,여자,65-69세,1016,154.98,5.10,142.50,144.80,145.60,146.00,146.50,146.90,147.50,148.00,148.30,148.60,148.80,149.10,149.30,149.50,149.70,150.00,150.10,150.30,150.50,150.60,150.80,151.00,151.20,151.40,151.50,151.60,151.80,152.00,152.10,152.30,152.50,152.70,152.80,153.00,153.20,153.30,153.50,153.70,153.80,153.90,153.90,154.10,154.30,154.40,154.50,154.60,154.70,154.80,154.90,155.00,155.10,155.20,155.20,155.30,155.40,155.60,155.80,155.90,156.10,156.20,156.30,156.40,156.50,156.70,156.90,157.00,157.20,157.40,157.60,157.70,157.80,157.90,158.00,158.10,158.30,158.40,158.70,158.90,159.10,159.30,159.60,159.70,159.80,160.10,160.30,160.60,160.70,160.90,161.20,161.60,161.80,162.00,162.40,162.60,163.10,163.80,164.60,165.30,166.50
키,여자,70-74세,783,153.56,5.20,141.30,142.80,143.40,143.90,145.20,145.80,146.30,146.60,146.80,147.00,147.20,147.40,147.50,147.90,148.10,148.20,148.50,148.70,148.90,149.20,149.40,149.50,149.70,150.00,150.10,150.30,150.40,150.60,150.70,150.80,150.80,151.00,151.10,151.20,151.40,151.60,151.70,151.90,152.00,152.10,152.30,152.40,152.40,152.50,152.70,152.90,153.00,153.20,153.20,153.40,153.60,153.70,153.80,154.00,154.20,154.30,154.50,154.60,154.80,154.90,155.00,155.00,155.40,155.60,155.70,155.80,155.90,156.10,156.30,156.40,156.50,156.50,156.70,156.90,157.10,157.20,157.40,157.60,157.70,157.90,158.00,158.20,158.60,158.80,159.10,159.40,159.70,159.90,160.20,160.60,160.80,161.10,161.40,161.70,162.40,162.70,163.40,164.70,165.30
키,여자,75-79세,595,152.06,5.20,140.20,141.30,142.20,143.00,143.10,143.50,143.90,144.50,145.00,145.30,145.60,145.70,146.10,146.40,146.60,146.90,147.10,147.30,147.50,147.70,147.80,148.10,148.20,148.40,148.50,148.70,148.90,149.10,149.20,149.40,149.60,149.60,149.70,149.80,150.10,150.10,150.30,150.50,150.60,150.70,150.80,150.90,151.00,151.20,151.30,151.40,151.50,151.70,151.80,151.90,152.00,152.30,152.60,152.60,152.70,152.70,152.80,152.90,153.00,153.20,153.30,153.60,153.70,153.70,153.90,154.10,154.20,154.30,154.40,154.50,154.80,155.10,155.30,155.60,155.70,155.90,156.10,156.10,156.20,156.40,156.60,156.80,157.10,157.30,157.50,157.80,158.10,158.40,158.70,159.00,159.50,159.60,160.00,160.50,160.60,161.70,162.10,162.40,164.00
키,여자,80세이상,528,149.54,5.29,137.10,138.40,139.20,139.70,140.40,141.00,141.60,142.00,142.80,143.00,143.20,143.30,143.50,143.70,144.00,144.20,144.50,144.60,144.80,145.30,145.60,145.80,145.90,146.00,146.20,146.30,146.40,146.50,146.70,146.80,147.10,147.20,147.30,147.50,147.60,147.60,147.90,147.90,148.10,148.30,148.40,148.50,148.70,148.90,148.90,149.00,149.10,149.30,149.50,149.60,149.70,149.90,150.00,150.20,150.30,150.40,150.50,150.60,150.70,150.80,151.00,151.20,151.30,151.50,151.50,151.60,151.70,151.90,152.00,152.10,152.10,152.30,152.40,152.60,152.70,153.00,153.20,153.50,153.60,153.80,154.10,154.40,154.60,154.70,154.90,155.30,155.50,155.60,156.10,156.30,156.80,156.90,157.40,157.60,158.10,158.60,159.80,160.60,161.20
체중,남자,20-24세,371,76.16,16.22,48.00,50.10,52.80,54.70,55.70,55.90,56.90,57.70,58.50,58.70,59.00,59.90,60.60,61.30,62.00,62.30,62.40,62.80,63.20,63.50,63.70,64.00,64.80,65.10,65.50,66.00,66.00,66.40,66.70,67.10,67.30,67.60,67.70,68.10,68.60,68.80,69.00,69.80,69.90,70.30,70.70,71.10,71.40,71.50,71.90,71.90,72.40,72.50,72.70,73.00,73.20,73.30,73.80,74.30,74.50,74.60,75.00,75.30,75.60,75.80,76.40,76.90,77.50,78.00,78.20,79.00,79.70,79.70,80.10,80.40,80.90,81.30,82.20,82.70,83.10,83.40,83.70,84.30,85.50,86.90,88.20,89.10,89.70,90.70,91.30,92.60,93.60,94.20,94.80,96.30,100.50,102.70,104.50,107.00,111.20,112.40,114.70,121.60,127.10
체중,남자,25-29세,453,78.14,15.59,51.20,54.90,55.80,56.70,58.20,59.10,59.20,59.90,60.30,60.70,61.60,62.30,63.20,63.70,64.10,64.30,64.50,65.20,65.40,65.80,66.20,66.40,66.80,66.90,67.00,67.50,67.70,68.30,69.00,69.40,69.60,69.70,70.40,70.50,70.70,70.80,71.10,71.50,71.90,72.10,72.40,72.60,72.90,73.10,73.40,74.10,74.30,74.60,74.80,75.30,75.40,76.00,76.40,76.50,76.70,77.30,77.60,77.70,78.40,78.80,79.30,80.00,80.60,80.90,81.50,82.00,82.50,83.10,83.40,83.70,84.40,84.50,85.20,85.70,86.20,86.60,87.20,88.30,88.60,88.90,89.70,90.40,91.60,91.90,92.70,94.20,95.70,97.20,97.80,98.60,99.10,100.20,101.30,104.60,106.10,110.30,112.50,118.20,130.60
체중,남자,30-34세,411,78.62,13.15,51.20,54.60,57.00,58.80,60.00,60.60,62.00,62.40,63.90,64.10,64.80,65.10,65.60,66.10,66.40,66.70,66.90,67.10,67.40,67.60,68.10,68.40,68.80,69.20,69.50,70.00,70.20,70.60,70.80,71.10,71.30,71.60,72.30,72.50,72.80,72.90,73.20,73.30,73.60,74.20,74.50,74.80,75.10,75.40,75.70,75.90,76.00,76.50,76.70,76.90,77.30,77.70,78.40,78.60,78.70,78.90,79.30,79.50,79.80,80.00,80.10,80.50,81.00,81.30,81.60,82.00,82.30,82.80,83.20,83.50,83.70,84.10,84.50,84.90,85.60,86.70,87.50,87.80,88.40,88.60,89.40,90.00,90.80,91.20,91.60,92.00,92.80,93.20,93.70,94.80,96.20,97.50,98.70,98.80,101.20,102.00,104.70,110.40,117.20
체중,남자,35-39세,476,78.97,13.89,50.70,54.90,57.30,57.70,58.70,60.20,61.50,62.00,62.10,63.30,63.80,64.00,64.20,64.50,65.30,65.40,65.70,66.70,67.00,67.80,67.90,68.50,68.60,68.90,69.20,69.40,69.70,70.10,70.80,71.10,71.50,71.80,72.00,72.40,72.60,73.20,73.60,73.80,73.90,74.10,74.50,74.90,75.40,75.70,76.10,76.30,76.70,77.10,77.60,77.80,78.00,78.10,78.30,78.50,78.70,78.70,79.30,79.60,79.80,80.20,80.50,81.00,81.50,82.10,82.30,82.80,83.10,83.50,83.90,84.40,85.00,85.20,85.40,86.00,86.50,87.00,87.40,88.10,89.10,89.40,89.60,90.70,92.10,92.70,93.00,93.70,94.70,95.80,96.20,96.90,97.60,98.30,101.80,103.60,105.70,108.20,110.00,112.90,118.30
체중,남자,40-44세,605,79.38,12.49,54.30,55.50,58.00,60.00,60.80,62.00,62.80,63.40,64.80,65.10,65.70,66.00,66.50,66.90,67.50,68.10,68.20,68.60,68.90,69.40,69.60,70.00,70.30,70.60,71.00,71.50,71.60,71.80,71.90,72.10,72.50,72.60,72.90,73.10,73.40,73.80,74.20,74.40,74.70,74.90,75.10,75.50,76.00,76.30,76.40,76.80,76.90,77.20,77.50,77.90,78.20,78.20,78.70,79.30,79.60,80.00,80.30,80.50,80.90,81.10,81.40,81.90,82.30,82.80,82.90,83.40,84.00,84.30,84.50,84.70,85.20,85.50,85.80,86.30,86.80,87.10,87.40,88.10,88.70,89.30,89.70,90.20,91.10,91.60,92.40,92.70,93.10,93.80,94.50,95.30,96.00,96.70,98.10,99.00,100.60,101.90,106.20,109.90,114.30
체중,남자,45-49세,568,76.91,12.25,52.90,55.30,56.80,58.00,58.60,59.10,60.50,60.90,61.40,61.70,62.50,63.60,63.70,63.90,64.20,64.90,65.20,65.70,66.10,66.40,66.90,67.40,67.60,68.10,68.40,68.70,69.10,69.60,69.90,70.10,70.40,70.90,71.40,71.80,72.10,72.40,72.80,73.00,73.20,73.90,74.10,74.40,74.60,74.90,74.90,75.20,75.40,75.60,75.80,76.00,76.30,76.70,77.00,77.20,77.20,77.50,78.00,78.30,78.40,78.70,78.90,79.10,79.40,79.60,79.80,80.50,80.60,80.90,81.20,81.70,82.00,82.40,82.90,83.30,83.70,84.00,84.50,85.10,85.60,86.10,86.50,86.70,86.90,87.30,88.10,88.80,89.50,91.20,92.40,93.00,94.40,95.60,96.40,98.20,98.70,100.00,102.70,107.30,113.10
체중,남자,50-54세,652,74.11,10.68,50.40,52.50,56.10,58.10,58.60,59.30,60.20,61.20,61.70,62.10,62.20,62.70,63.10,63.30,63.70,63.90,64.30,64.80,65.30,65.50,65.70,66.00,66.40,67.00,67.10,67.30,67.60,67.90,68.00,68.20,68.60,68.70,68.90,69.40,69.60,69.80,70.10,70.40,70.60,70.80,70.90,71.20,71.30,71.60,71.80,72.00,72.50,72.70,72.80,73.00,73.30,73.40,73.70,73.90,74.10,74.50,74.90,75.20,75.30,75.60,75.80,76.00,76.30,76.50,76.70,76.90,77.20,77.50,77.60,78.00,78.70,79.30,79.50,79.80,80.10,80.60,80.90,81.20,81.50,81.90,82.80,83.20,83.80,84.30,84.90,85.30,86.20,86.90,87.50,88.10,89.00,89.70,90.40,91.50,92.60,95.90,99.00,99.90,106.00
체중,남자,55-59세,654,72.78,10.77,48.60,52.20,54.20,54.80,55.90,56.50,57.20,57.80,59.30,59.70,60.00,60.50,61.20,61.50,61.80,62.30,63.00,63.30,64.00,64.40,64.80,65.20,65.40,65.70,66.00,66.20,66.60,67.00,67.30,67.70,67.90,68.20,68.50,68.80,69.10,69.30,69.40,69.60,70.00,70.20,70.40,70.50,70.70,70.90,71.10,71.50,71.70,71.90,72.10,72.30,72.60,72.90,73.00,73.20,73.40,73.50,73.60,74.10,74.20,74.30,74.50,74.90,75.40,75.50,76.00,76.20,76.30,76.70,77.00,77.20,77.50,77.80,78.10,78.50,78.80,79.20,79.50,80.00,80.40,80.90,81.40,82.00,82.40,82.60,82.90,83.50,83.90,84.30,84.70,85.40,86.90,87.80,88.70,90.00,91.30,92.30,94.70,97.40,104.90
체중,남자,60-64세,816,69.73,10.00,48.90,50.70,52.70,53.30,54.00,54.70,55.70,56.80,57.30,57.60,58.10,58.40,58.80,58.90,59.40,59.60,60.30,60.80,61.00,61.10,61.50,61.80,62.10,62.40,62.70,63.10,63.30,63.60,64.00,64.40,64.70,64.90,65.30,65.40,65.60,65.80,66.10,66.40,66.60,66.90,67.10,67.50,67.90,68.00,68.30,68.50,68.80,69.00,69.20,69.40,69.50,69.60,69.90,70.10,70.30,70.50,70.70,71.00,71.40,71.50,71.60,71.90,72.10,72.50,72.90,73.20,73.60,74.00,74.30,74.60,74.70,74.90,75.10,75.20,75.50,75.70,76.30,76.70,76.90,77.60,78.10,78.80,79.10,79.50,80.20,80.90,81.10,81.50,81.80,82.50,83.10,83.80,84.70,85.40,86.40,87.90,89.80,91.70,96.90
체중,남자,65-69세,787,68.43,10.00,47.10,49.00,50.40,51.60,52.50,53.30,53.90,54.50,55.20,56.20,56.80,57.20,57.80,58.30,58.60,59.00,59.20,59.60,60.00,60.20,60.50,60.80,61.00,61.10,61.50,61.60,61.80,62.00,62.60,63.10,63.30,63.60,63.90,64.10,64.40,64.70,65.10,65.20,65.40,65.60,65.90,66.10,66.20,66.50,66.90,67.10,67.30,67.70,68.00,68.20,68.40,68.60,68.90,69.00,69.10,69.50,69.90,70.10,70.20,70.50,70.80,71.00,71.40,71.80,72.00,72.10,72.30,72.70,73.10,73.30,73.70,73.90,74.20,74.30,74.70,75.00,75.50,75.90,76.10,76.60,77.00,77.40,77.70,77.90,78.40,78.80,79.30,79.70,80.50,80.70,81.30,81.90,82.90,84.10,85.00,86.50,88.20,90.60,94.90
체중,남자,70-74세,634,65.80,9.11,45.20,47.70,48.40,49.80,50.90,51.80,52.10,52.30,53.10,53.70,54.40,55.30,55.70,55.90,56.70,57.10,57.60,58.00,58.30,58.60,58.90,59.50,59.70,60.00,60.20,60.30,60.50,60.70,60.90,61.20,61.30,61.60,61.70,62.30,62.40,62.60,62.90,63.10,63.40,63.50,63.80,63.90,64.20,64.30,64.40,64.60,64.80,65.00,65.10,65.30,65.50,65.60,65.90,66.30,66.70,66.80,67.00,67.10,67.40,67.80,68.10,68.20,68.50,68.70,68.90,69.20,69.50,69.70,70.10,70.40,70.70,71.00,71.30,71.60,72.00,72.20,72.30,72.60,72.80,73.10,73.60,74.00,74.10,74.50,74.90,75.40,75.50,76.00,76.20,76.70,77.40,78.10,79.20,79.90,81.60,82.60,84.00,85.70,86.80
체중,남자,75-79세,531,65.97,8.89,45.90,47.90,50.00,50.70,52.30,53.10,54.20,54.50,54.90,55.10,55.80,56.10,56.50,56.70,57.20,57.50,57.90,58.30,58.40,58.50,58.70,58.90,59.20,59.40,59.70,60.00,60.10,60.60,60.90,61.00,61.20,61.50,61.60,61.80,61.90,62.10,62.50,62.70,63.10,63.30,63.60,64.00,64.30,64.60,64.80,65.00,65.20,65.30,65.50,65.80,66.10,66.50,66.60,66.90,66.90,67.00,67.00,67.20,67.60,67.80,68.00,68.20,68.20,68.40,68.50,68.70,68.80,69.10,69.70,69.90,70.10,70.30,70.50,70.90,71.30,71.50,71.80,71.90,72.30,72.50,72.50,72.90,73.40,74.20,75.00,75.40,76.10,76.50,77.20,77.70,78.10,79.00,79.90,80.50,81.80,82.50,84.40,86.10,88.50
체중,남자,80세이상,400,62.01,8.77,42.80,44.20,44.80,46.20,47.50,48.60,49.40,50.00,50.50,51.70,52.10,52.70,52.90,53.00,53.50,53.60,53.70,54.10,54.40,54.90,55.10,55.50,55.60,56.00,56.30,56.70,57.00,57.10,57.50,57.50,57.70,58.10,58.20,58.50,58.80,59.10,59.20,59.30,59.40,59.60,59.80,60.00,60.00,60.20,60.40,60.60,60.80,61.00,61.30,61.60,62.10,62.10,62.40,62.60,62.70,62.80,63.00,63.10,63.30,63.40,63.90,64.00,64.20,64.60,64.80,65.00,65.30,65.50,66.00,66.20,66.40,66.60,66.90,67.30,67.40,67.60,68.20,68.60,68.90,68.90,69.00,69.80,70.30,70.40,70.90,71.30,71.60,71.80,72.60,72.90,73.60,74.90,76.00,77.00,77.40,78.50,78.80,79.40,82.10
체중,여자,20-24세,467,58.53,12.49,39.60,40.40,41.70,42.70,43.40,43.80,44.20,44.80,45.30,45.70,45.90,46.40,46.90,47.10,47.20,47.50,47.90,48.20,48.50,48.70,49.00,49.30,49.50,49.80,50.20,50.30,50.50,50.60,50.80,50.80,51.00,51.40,51.50,51.60,51.70,52.00,52.60,52.70,53.00,53.30,53.40,53.70,54.20,54.40,54.90,55.00,55.30,55.60,56.00,56.20,56.30,56.60,57.00,57.50,57.80,58.00,58.30,58.60,58.90,59.10,59.80,60.20,60.30,60.50,60.70,61.30,61.90,62.10,62.60,62.90,63.00,63.30,63.40,63.70,64.10,64.80,65.20,65.50,66.00,66.40,67.00,67.70,68.00,68.60,69.80,70.20,71.70,72.00,72.20,73.40,74.20,76.40,78.30,80.60,83.70,84.70,87.90,92.10,92.30
체중,여자,25-29세,518,59.09,12.57,40.70,42.10,43.80,44.70,45.10,45.50,45.90,46.30,46.80,47.00,47.20,47.60,47.80,48.50,48.60,48.80,49.00,49.20,49.30,49.70,49.90,50.20,50.50,50.70,50.90,51.00,51.10,51.30,51.60,51.90,52.10,52.30,52.40,52.50,52.70,53.10,53.30,53.50,53.80,53.90,54.40,54.50,54.60,54.90,55.10,55.50,55.80,56.00,56.10,56.40,56.60,56.80,57.10,57.20,57.60,57.80,58.00,58.20,58.60,59.00,59.40,59.60,59.90,60.20,60.30,60.60,61.00,61.10,61.60,61.90,62.30,62.70,62.90,63.30,63.80,64.60,64.90,65.10,65.80,66.70,67.30,67.70,68.10,68.50,69.20,69.60,70.60,71.00,72.50,73.40,75.60,77.50,78.30,80.50,83.30,86.30,91.10,97.10,107.60
체중,여자,30-34세,507,61.12,12.17,42.80,43.30,44.00,45.30,45.80,46.90,47.10,47.40,47.60,48.20,48.90,49.20,49.30,49.70,49.80,50.00,50.30,50.50,50.80,51.20,51.50,51.80,51.90,52.30,52.50,52.70,53.20,53.60,53.90,54.00,54.50,54.90,55.20,55.30,55.50,55.70,55.90,56.10,56.20,56.30,56.50,56.80,57.00,57.20,57.50,57.70,57.90,58.00,58.50,58.70,59.00,59.20,59.60,59.90,60.10,60.20,60.30,60.60,61.20,61.50,61.80,62.10,62.40,62.50,62.90,63.30,63.60,64.10,64.50,64.90,65.30,65.70,66.20,66.60,66.70,67.10,67.50,67.70,68.20,68.40,68.60,69.10,70.10,71.20,72.30,72.90,74.50,74.90,75.60,76.40,78.00,80.10,81.60,83.60,85.20,89.20,91.70,93.20,99.60
체중,여자,35-39세,587,59.83,11.09,43.40,44.80,45.40,45.90,46.50,46.70,47.10,47.50,47.50,47.80,48.20,48.50,48.70,49.10,49.40,49.60,49.80,50.60,50.80,51.00,51.20,51.30,51.60,51.90,52.10,52.30,52.40,52.70,52.80,53.00,53.30,53.50,53.70,53.80,54.10,54.40,54.70,54.80,54.90,55.00,55.30,55.50,55.70,55.80,55.90,56.20,56.50,56.70,56.90,57.20,57.30,57.50,58.00,58.30,58.40,58.80,59.20,59.60,60.00,60.30,60.80,61.00,61.20,61.60,62.00,62.30,62.70,62.90,63.20,63.80,64.30,64.50,64.80,65.10,65.30,65.60,66.20,66.70,66.90,67.70,68.10,69.10,69.90,70.20,71.30,72.00,73.10,73.30,73.90,74.80,76.30,77.20,78.60,79.80,80.80,82.50,84.30,85.70,90.20
체중,여자,40-44세,829,60.56,11.40,43.30,44.10,45.00,45.80,46.20,47.00,47.40,47.80,48.00,48.10,48.40,48.80,49.10,49.20,49.70,49.90,50.30,50.40,50.70,51.00,51.30,51.50,51.70,52.00,52.20,52.40,52.80,53.10,53.30,53.40,53.60,53.90,54.30,54.50,54.60,54.80,55.10,55.10,55.20,55.70,56.00,56.40,56.60,57.10,57.30,57.40,57.70,57.90,58.10,58.50,58.90,59.20,59.50,59.60,60.00,60.20,60.50,60.80,61.10,61.20,61.50,61.90,62.00,62.30,62.80,63.20,63.50,63.70,64.10,64.30,64.80,65.10,65.60,66.20,66.40,66.90,67.10,68.00,68.40,68.60,69.10,69.80,70.00,70.50,70.90,71.70,71.90,73.10,74.70,75.50,76.70,78.30,80.50,81.60,82.50,86.00,88.00,91.10,96.10
체중,여자,45-49세,766,59.97,10.68,41.90,43.90,44.60,45.50,46.40,47.10,47.50,47.80,48.30,48.60,49.00,49.20,49.60,49.70,50.00,50.10,50.50,50.70,50.90,51.20,51.40,51.60,51.90,52.40,52.70,53.10,53.30,53.50,53.70,54.00,54.20,54.30,54.40,54.60,54.90,55.10,55.40,55.50,55.70,55.90,56.10,56.40,56.60,56.80,57.00,57.30,57.40,57.80,58.00,58.20,58.30,58.40,58.70,58.90,59.10,59.40,59.60,59.70,59.80,60.10,60.30,60.80,61.00,61.30,61.50,61.80,62.00,62.40,62.70,63.10,63.40,63.80,64.10,64.50,64.90,65.30,65.60,66.10,66.50,67.30,68.00,68.60,68.80,69.20,69.70,70.70,72.30,72.70,73.70,74.30,75.90,76.40,77.40,79.60,81.60,82.80,85.90,87.70,92.60
체중,여자,50-54세,951,59.30,9.59,42.70,43.80,45.10,45.80,46.50,47.10,47.70,47.90,48.20,48.50,48.70,49.30,49.60,49.70,50.00,50.20,50.50,50.80,51.10,51.20,51.40,51.70,51.80,51.90,52.20,52.50,52.80,53.00,53.20,53.50,53.80,54.10,54.40,54.50,54.70,54.80,55.10,55.50,55.70,55.80,55.90,56.00,56.30,56.50,56.70,56.90,57.10,57.30,57.70,57.90,58.10,58.50,58.70,59.00,59.20,59.30,59.40,59.70,60.00,60.20,60.50,60.80,61.00,61.20,61.40,61.90,62.20,62.40,62.70,62.80,63.10,63.30,63.70,64.00,64.10,64.50,64.60,64.90,65.50,65.80,66.20,67.00,67.40,68.00,68.30,68.80,69.50,70.20,71.10,71.70,73.10,73.70,75.10,75.90,77.80,79.80,81.80,85.90,89.30
체중,여자,55-59세,896,59.29,9.43,41.70,43.30,45.30,45.80,46.20,46.60,47.20,47.60,47.70,48.20,48.60,49.00,49.30,49.80,50.20,50.60,50.80,51.10,51.50,51.90,52.30,52.40,52.70,52.90,53.10,53.40,53.60,53.80,54.10,54.20,54.40,54.80,54.90,55.10,55.20,55.40,55.50,55.70,55.80,56.00,56.20,56.30,56.60,56.70,57.00,57.30,57.50,57.80,57.90,58.30,58.50,58.90,59.20,59.40,59.60,59.90,60.10,60.20,60.40,60.50,60.80,61.00,61.10,61.30,61.40,61.60,62.00,62.40,62.50,62.70,63.00,63.50,63.70,64.20,64.60,64.70,64.90,65.20,65.50,65.80,66.00,66.40,66.70,67.10,67.90,68.10,69.10,69.50,70.20,70.90,71.70,72.60,73.70,74.00,75.50,77.00,80.10,81.60,88.80
체중,여자,60-64세,1098,58.85,9.00,41.00,43.00,43.90,44.70,46.20,47.00,47.30,47.80,48.20,48.60,48.90,49.20,49.50,49.70,49.90,50.30,50.50,50.70,50.90,51.10,51.50,51.70,52.00,52.20,52.30,52.60,52.70,52.90,53.20,53.50,53.80,54.00,54.20,54.30,54.60,54.80,55.00,55.20,55.30,55.60,55.80,56.20,56.40,56.60,56.90,57.10,57.20,57.40,57.60,57.80,58.20,58.40,58.60,58.80,59.20,59.60,59.60,59.90,60.00,60.40,60.50,60.80,61.00,61.20,61.50,61.60,61.80,62.30,62.50,62.70,62.90,63.20,63.40,63.80,64.30,64.50,64.90,65.10,65.40,65.80,66.10,66.50,67.10,67.60,67.90,68.40,68.90,69.70,70.20,70.70,71.40,72.50,73.20,74.00,74.30,76.00,77.30,79.60,83.00
체중,여자,65-69세,1022,58.37,8.94,40.40,41.90,43.60,44.20,45.30,46.00,46.60,47.10,47.60,48.20,48.70,48.90,49.20,49.60,49.80,50.10,50.40,50.60,50.90,51.20,51.50,51.80,51.90,52.30,52.50,52.80,52.90,53.00,53.30,53.40,53.60,53.70,53.90,54.20,54.40,54.60,54.80,54.90,55.30,55.60,56.00,56.20,56.40,56.50,56.80,56.90,57.00,57.20,57.60,57.80,58.00,58.40,58.60,58.80,59.10,59.20,59.50,59.70,60.00,60.00,60.20,60.40,60.50,60.70,60.90,61.20,61.40,61.60,61.80,62.00,62.30,62.70,62.90,63.00,63.30,63.50,63.70,63.90,64.10,64.40,64.80,65.20,65.30,65.50,66.20,66.60,67.50,68.10,68.80,69.30,70.40,71.10,71.80,72.60,74.00,75.50,77.50,79.40,81.20
체중,여자,70-74세,796,57.43,8.77,37.30,39.00,41.00,43.40,44.20,44.80,45.60,46.30,47.30,47.60,47.80,48.20,48.40,48.60,48.80,49.10,49.40,49.50,49.60,49.90,50.10,50.50,50.80,51.00,51.30,51.70,51.90,52.10,52.20,52.50,52.80,52.90,53.20,53.30,53.60,53.80,54.00,54.20,54.50,54.80,55.10,55.30,55.50,55.70,55.90,56.10,56.20,56.60,56.70,57.00,57.20,57.40,57.70,58.00,58.30,58.50,58.70,58.80,59.10,59.20,59.30,59.50,59.70,60.20,60.30,60.60,60.80,61.10,61.40,61.50,61.90,62.00,62.10,62.40,62.70,62.80,63.20,63.40,63.90,64.30,65.10,65.50,65.90,66.40,66.60,67.10,67.70,68.30,68.80,69.30,69.90,70.40,70.90,71.30,71.50,72.40,74.00,75.50,77.70
체중,여자,75-79세,627,56.58,8.06,39.40,41.70,43.30,44.20,44.60,45.00,45.40,46.10,46.80,47.20,47.50,47.80,48.20,48.50,48.70,49.00,49.30,49.50,49.80,50.00,50.20,50.30,50.70,50.80,50.80,51.20,51.30,51.40,51.80,51.90,52.00,52.30,52.40,52.90,53.20,53.40,53.70,54.10,54.10,54.30,54.40,54.40,54.60,54.80,55.10,55.20,55.50,55.70,56.00,56.10,56.20,56.40,56.50,56.60,56.70,57.00,57.20,57.40,57.50,57.70,58.00,58.00,58.30,58.50,58.80,59.00,59.20,59.60,59.70,59.90,60.00,60.30,60.30,60.60,61.20,61.60,61.90,62.00,62.10,62.50,62.80,63.10,63.60,64.10,64.60,65.50,65.90,66.20,66.70,67.20,68.20,68.60,69.50,70.00,71.30,71.90,72.50,74.90,76.80
체중,여자,80세이상,611,53.97,9.11,35.00,37.40,38.40,39.40,39.90,40.80,41.70,42.10,42.30,42.80,43.20,43.60,43.90,44.20,44.50,44.90,45.20,45.40,45.60,46.00,46.10,46.60,47.00,47.10,47.30,47.70,48.10,48.20,48.60,48.80,49.00,49.20,49.70,50.10,50.30,50.40,50.60,50.80,51.20,51.50,51.80,51.90,52.10,52.40,52.40,52.80,53.10,53.50,53.80,54.00,54.30,54.60,54.70,54.80,55.10,55.30,55.50,55.80,56.00,56.20,56.20,56.50,56.60,56.90,57.20,57.30,57.40,57.90,58.20,58.50,58.80,58.90,59.10,59.30,59.80,60.00,60.20,60.30,60.70,61.30,61.80,62.00,62.20,62.40,62.70,62.90,63.10,63.60,64.30,65.00,65.40,66.00,66.70,67.60,68.00,70.20,71.10,74.50,79.30
BMI,남자,20-24세,370,24.79,5.00,16.43,17.28,18.02,18.27,18.49,18.92,19.01,19.17,19.48,19.64,19.77,19.82,19.93,20.38,20.47,20.51,20.56,20.72,20.76,20.79,20.97,21.08,21.13,21.32,21.37,21.43,21.50,21.64,21.72,21.81,21.93,22.03,22.10,22.26,22.36,22.47,22.51,22.66,22.73,22.75,22.87,22.93,23.07,23.19,23.27,23.35,23.47,23.59,23.68,23.72,23.79,23.83,23.92,24.18,24.29,24.41,24.49,24.51,24.54,24.65,24.79,24.95,25.00,25.18,25.35,25.55,25.70,25.88,25.94,26.23,26.24,26.39,26.58,26.77,26.94,27.11,27.33,27.48,27.81,27.92,28.15,28.47,28.93,29.14,29.50,29.81,30.34,31.14,31.30,31.77,32.26,32.52,34.07,34.69,35.33,35.72,37.32,38.08,39.67
BMI,남자,25-29세,453,25.54,4.36,18.07,18.71,19.27,19.63,19.82,20.04,20.19,20.53,20.61,20.76,20.83,20.86,21.00,21.08,21.13,21.29,21.43,21.51,21.60,21.79,21.87,21.95,22.17,22.27,22.35,22.46,22.58,22.73,22.96,23.04,23.15,23.21,23.35,23.48,23.55,23.61,23.70,23.75,23.79,23.88,23.98,24.17,24.24,24.25,24.38,24.47,24.51,24.58,24.71,24.82,25.05,25.14,25.30,25.35,25.43,25.51,25.60,25.66,25.78,25.85,25.97,26.03,26.19,26.33,26.43,26.56,26.72,26.81,26.89,26.97,27.05,27.13,27.28,27.47,27.71,27.91,28.04,28.37,28.63,28.80,29.09,29.37,29.47,29.79,29.92,30.03,30.53,30.68,30.92,31.17,31.40,31.66,32.35,32.69,33.64,34.36,35.49,36.78,39.24
BMI,남자,30-34세,411,25.72,4.00,17.17,18.32,18.99,19.80,20.36,20.48,20.83,20.95,21.21,21.29,21.48,21.61,21.79,21.89,22.00,22.05,22.13,22.22,22.36,22.48,22.53,22.64,22.69,22.75,22.89,22.99,23.06,23.12,23.36,23.54,23.56,23.69,23.75,23.84,23.90,24.01,24.06,24.12,24.20,24.26,24.28,24.31,24.41,24.52,24.60,24.67,24.95,25.01,25.11,25.15,25.26,25.40,25.45,25.49,25.68,25.76,25.81,25.95,26.16,26.23,26.38,26.55,26.66,26.74,26.84,26.87,26.96,26.99,27.12,27.18,27.29,27.52,27.68,27.98,28.07,28.14,28.29,28.41,28.56,28.74,28.90,29.01,29.11,29.32,29.41,29.73,29.86,30.38,30.65,31.03,31.35,31.54,31.99,32.40,32.93,33.11,34.11,34.90,36.32
BMI,남자,35-39세,476,25.76,4.12,17.34,18.27,19.05,19.41,19.71,20.22,20.46,20.57,21.00,21.29,21.54,21.70,21.78,21.99,22.05,22.08,22.12,22.15,22.36,22.43,22.54,22.68,22.76,22.77,22.87,22.92,23.00,23.11,23.22,23.35,23.41,23.49,23.60,23.69,23.76,23.90,24.03,24.10,24.19,24.28,24.40,24.43,24.50,24.57,24.73,24.76,24.85,24.89,24.95,25.07,25.13,25.23,25.35,25.40,25.47,25.67,25.73,25.79,25.91,26.12,26.22,26.32,26.47,26.62,26.85,26.98,27.08,27.25,27.29,27.37,27.54,27.56,27.84,28.02,28.15,28.30,28.40,28.47,28.79,28.83,29.23,29.40,29.55,29.76,29.93,30.23,30.51,30.75,30.88,31.25,31.58,31.89,32.16,32.83,33.52,33.64,34.55,35.40,38.03
BMI,남자,40-44세,604,25.84,3.61,18.47,19.11,19.79,20.02,20.61,20.91,21.16,21.34,21.49,21.57,21.64,21.79,21.95,22.14,22.31,22.45,22.55,22.75,22.87,22.99,23.17,23.20,23.28,23.37,23.44,23.59,23.68,23.74,23.79,23.92,24.08,24.12,24.18,24.26,24.29,24.35,24.41,24.48,24.61,24.69,24.81,24.88,24.94,25.03,25.11,25.17,25.22,25.27,25.35,25.49,25.56,25.64,25.68,25.77,25.86,25.94,26.02,26.16,26.23,26.35,26.43,26.52,26.69,26.79,26.87,26.92,27.00,27.12,27.17,27.28,27.34,27.46,27.52,27.67,27.80,28.05,28.17,28.31,28.37,28.54,28.66,28.79,28.97,29.13,29.32,29.51,29.80,29.94,30.11,30.52,30.71,31.15,31.54,31.86,32.20,32.76,33.57,34.04,35.18
BMI,남자,45-49세,567,25.64,3.61,18.03,18.76,19.42,19.66,20.02,20.39,20.66,21.02,21.16,21.42,21.49,21.73,21.80,21.97,22.08,22.20,22.30,22.36,22.56,22.68,22.75,22.79,22.94,23.13,23.22,23.33,23.44,23.63,23.68,23.79,23.84,23.91,23.96,24.06,24.13,24.23,24.27,24.35,24.45,24.50,24.54,24.58,24.70,24.77,24.82,24.91,25.00,25.09,25.21,25.29,25.38,25.43,25.50,25.63,25.74,25.79,25.90,26.02,26.12,26.18,26.26,26.32,26.41,26.54,26.65,26.74,26.82,26.90,26.94,27.06,27.11,27.20,27.32,27.38,27.60,27.74,27.79,27.99,28.22,28.33,28.56,28.71,29.06,29.20,29.24,29.43,29.79,29.86,30.31,30.48,30.63,31.03,31.30,31.58,32.13,32.79,33.89,34.45,35.92
BMI,남자,50-54세,652,25.08,3.16,18.09,18.65,19.19,19.77,20.44,20.73,21.13,21.28,21.39,21.48,21.58,21.63,21.75,21.84,21.95,22.02,22.10,22.20,22.34,22.46,22.56,22.70,22.81,22.94,23.01,23.14,23.25,23.29,23.32,23.44,23.53,23.62,23.86,23.91,23.98,24.04,24.14,24.18,24.24,24.32,24.37,24.42,24.48,24.53,24.59,24.63,24.67,24.74,24.77,24.86,24.91,24.97,25.04,25.18,25.25,25.32,25.40,25.47,25.54,25.57,25.72,25.76,25.80,25.90,26.00,26.02,26.10,26.23,26.31,26.46,26.58,26.62,26.74,26.81,26.87,26.99,27.05,27.17,27.27,27.42,27.53,27.67,27.77,27.87,28.00,28.06,28.25,28.38,28.49,28.59,29.00,29.17,29.45,30.03,30.22,30.97,32.16,32.59,34.73
BMI,남자,55-59세,650,25.06,3.32,17.66,18.53,19.27,19.60,19.94,20.15,20.40,20.51,20.82,21.05,21.21,21.37,21.49,21.70,21.87,22.04,22.32,22.39,22.54,22.69,22.75,22.85,22.92,22.96,23.11,23.16,23.25,23.35,23.41,23.51,23.57,23.60,23.66,23.77,23.92,23.98,24.09,24.24,24.34,24.41,24.46,24.48,24.57,24.59,24.69,24.72,24.84,24.91,24.99,25.02,25.03,25.11,25.14,25.18,25.20,25.32,25.46,25.49,25.57,25.59,25.70,25.78,25.83,25.92,25.96,26.06,26.15,26.24,26.32,26.36,26.40,26.45,26.49,26.59,26.69,26.74,26.82,26.89,27.10,27.25,27.37,27.50,27.72,27.89,28.16,28.24,28.41,28.51,28.83,29.00,29.29,29.55,30.03,30.34,30.71,31.33,31.88,32.77,34.71
BMI,남자,60-64세,812,24.28,3.00,17.15,18.17,18.59,19.13,19.49,19.67,19.82,20.09,20.34,20.41,20.59,20.78,20.94,21.13,21.21,21.32,21.43,21.55,21.70,21.83,21.91,21.98,22.07,22.14,22.26,22.31,22.39,22.43,22.55,22.60,22.67,22.81,22.87,22.93,23.01,23.05,23.12,23.22,23.33,23.41,23.47,23.61,23.74,23.79,23.85,23.94,24.01,24.09,24.17,24.28,24.31,24.36,24.40,24.45,24.54,24.56,24.65,24.70,24.73,24.84,24.89,25.01,25.13,25.26,25.31,25.37,25.44,25.56,25.68,25.75,25.82,25.96,26.04,26.11,26.22,26.29,26.41,26.55,26.68,26.75,26.92,27.14,27.24,27.39,27.50,27.63,27.83,27.94,28.02,28.23,28.34,28.51,28.60,28.77,29.02,29.39,29.99,31.01,32.51
BMI,남자,65-69세,783,24.29,3.00,17.50,18.05,18.81,19.05,19.33,19.57,19.94,20.03,20.25,20.45,20.58,20.79,21.07,21.24,21.32,21.37,21.53,21.57,21.65,21.81,21.90,22.04,22.18,22.24,22.36,22.42,22.48,22.56,22.68,22.77,22.87,22.93,23.05,23.11,23.17,23.24,23.33,23.43,23.49,23.57,23.63,23.68,23.70,23.75,23.89,23.93,24.04,24.11,24.14,24.20,24.24,24.34,24.38,24.49,24.56,24.60,24.65,24.68,24.72,24.78,24.84,24.90,24.97,25.07,25.15,25.21,25.28,25.37,25.42,25.50,25.59,25.73,25.82,25.97,26.06,26.17,26.30,26.53,26.64,26.78,26.88,26.93,27.04,27.14,27.23,27.40,27.68,27.80,28.01,28.18,28.43,28.64,28.83,29.14,29.32,29.60,30.76,31.59,32.61
BMI,남자,70-74세,628,23.62,3.00,17.16,17.52,17.96,18.24,18.57,18.75,19.12,19.46,19.79,19.87,20.21,20.37,20.48,20.62,20.70,20.84,20.88,21.13,21.26,21.34,21.44,21.62,21.63,21.70,21.79,21.85,21.89,21.94,21.99,22.10,22.18,22.28,22.35,22.49,22.52,22.55,22.61,22.70,22.78,22.88,22.96,23.03,23.12,23.18,23.20,23.27,23.31,23.40,23.46,23.50,23.61,23.70,23.78,23.84,23.92,24.03,24.06,24.19,24.22,24.31,24.39,24.47,24.56,24.65,24.68,24.78,24.87,24.90,24.99,25.05,25.12,25.21,25.30,25.33,25.38,25.46,25.52,25.60,25.75,25.90,26.01,26.14,26.28,26.39,26.58,26.75,26.84,27.01,27.22,27.40,27.71,27.80,28.20,28.46,28.59,28.67,28.89,29.83,31.02
BMI,남자,75-79세,517,24.05,3.00,16.95,17.63,18.35,18.74,19.08,19.57,19.90,20.04,20.31,20.51,20.67,20.87,21.03,21.10,21.23,21.34,21.37,21.44,21.51,21.71,21.74,21.84,21.91,21.97,22.06,22.10,22.16,22.25,22.45,22.52,22.59,22.79,22.93,23.00,23.04,23.07,23.17,23.28,23.36,23.45,23.48,23.56,23.68,23.72,23.76,23.84,23.87,23.93,24.03,24.06,24.14,24.18,24.24,24.29,24.35,24.41,24.46,24.54,24.63,24.67,24.70,24.78,24.83,24.88,24.92,25.04,25.08,25.11,25.21,25.30,25.36,25.48,25.56,25.63,25.68,25.75,25.80,25.92,26.09,26.22,26.34,26.41,26.55,26.66,26.92,27.09,27.23,27.40,27.58,27.82,28.01,28.40,28.57,28.72,29.35,29.80,30.00,30.80,31.69
BMI,남자,80세이상,374,22.95,2.83,15.83,17.33,17.58,17.83,17.94,18.43,18.88,18.96,19.14,19.21,19.44,19.68,19.83,19.86,19.93,19.98,20.15,20.30,20.63,20.64,20.70,20.77,20.86,20.95,21.07,21.14,21.18,21.30,21.46,21.55,21.59,21.60,21.65,21.74,21.77,21.79,21.93,22.11,22.22,22.33,22.38,22.48,22.53,22.58,22.60,22.64,22.71,22.72,22.81,22.82,22.93,23.10,23.14,23.20,23.26,23.40,23.45,23.56,23.66,23.70,23.77,23.82,23.93,23.95,24.01,24.07,24.13,24.18,24.24,24.33,24.48,24.59,24.65,24.72,24.78,24.87,24.93,25.10,25.21,25.33,25.50,25.59,25.65,25.76,25.87,25.91,25.98,26.13,26.33,26.45,26.62,26.77,26.88,27.10,27.39,27.74,27.99,29.04,30.15
BMI,여자,20-24세,466,22.19,4.36,15.63,16.30,16.91,17.00,17.08,17.19,17.30,17.41,17.51,17.71,17.86,17.94,18.00,18.12,18.26,18.36,18.44,18.46,18.60,18.69,18.72,18.78,18.96,19.08,19.14,19.21,19.31,19.35,19.41,19.44,19.45,19.51,19.61,19.69,19.80,19.93,20.01,20.07,20.12,20.19,20.29,20.39,20.42,20.55,20.61,20.69,20.78,20.88,20.96,21.06,21.14,21.17,21.31,21.48,21.60,21.76,21.89,22.09,22.23,22.32,22.47,22.55,22.68,22.84,22.93,23.09,23.29,23.32,23.46,23.53,23.59,23.65,23.79,24.06,24.29,24.64,24.81,24.94,25.09,25.29,25.48,25.51,25.73,25.98,26.42,26.87,27.12,27.31,27.84,28.12,28.71,28.97,29.12,29.44,30.03,30.85,32.84,33.83,35.02
BMI,여자,25-29세,517,22.46,4.47,15.96,16.54,17.10,17.36,17.49,17.73,17.79,17.95,18.03,18.13,18.34,18.42,18.54,18.63,18.72,18.82,18.90,19.01,19.05,19.09,19.13,19.24,19.43,19.49,19.55,19.60,19.62,19.70,19.78,19.89,20.00,20.08,20.11,20.17,20.26,20.28,20.36,20.46,20.55,20.60,20.68,20.72,20.80,21.00,21.10,21.24,21.36,21.40,21.46,21.51,21.54,21.60,21.66,21.74,21.79,21.83,22.01,22.10,22.14,22.23,22.27,22.35,22.39,22.56,22.69,22.83,22.94,23.07,23.19,23.29,23.33,23.40,23.57,23.75,23.97,24.32,24.44,24.58,24.80,24.93,25.01,25.22,25.41,25.86,26.00,26.36,26.82,27.12,27.85,28.23,28.88,29.58,29.97,30.73,31.59,32.25,33.29,35.99,37.84
BMI,여자,30-34세,507,23.21,4.58,16.60,16.98,17.29,17.59,17.71,17.89,18.05,18.15,18.21,18.37,18.47,18.56,18.72,18.89,19.00,19.14,19.26,19.37,19.52,19.59,19.69,19.83,19.94,20.02,20.07,20.13,20.21,20.35,20.41,20.46,20.55,20.58,20.70,20.77,20.82,20.96,21.04,21.21,21.27,21.29,21.33,21.45,21.57,21.69,21.79,21.86,21.98,22.07,22.21,22.27,22.35,22.42,22.50,22.59,22.67,22.79,22.96,23.09,23.20,23.24,23.32,23.48,23.53,23.60,23.63,23.73,23.81,23.92,24.05,24.33,24.61,24.91,25.08,25.13,25.40,25.53,25.62,25.76,25.80,25.92,26.10,26.37,26.73,26.93,27.17,27.59,27.94,28.64,29.06,29.57,30.27,30.67,31.01,31.32,32.60,33.59,33.97,35.81,37.74
BMI,여자,35-39세,585,22.86,4.12,16.42,17.25,17.63,17.73,17.93,18.07,18.21,18.39,18.52,18.59,18.83,18.98,19.14,19.25,19.30,19.33,19.46,19.56,19.63,19.77,19.79,19.88,19.96,20.07,20.13,20.26,20.34,20.37,20.43,20.54,20.64,20.70,20.76,20.78,20.84,20.86,20.95,21.03,21.12,21.21,21.36,21.49,21.57,21.62,21.66,21.71,21.74,21.77,21.88,21.90,22.00,22.04,22.21,22.35,22.45,22.52,22.65,22.74,22.84,22.99,23.02,23.10,23.24,23.44,23.58,23.63,23.68,23.75,23.88,23.94,24.00,24.10,24.18,24.34,24.49,24.66,24.90,25.06,25.37,25.56,25.75,25.88,26.09,26.40,26.57,26.75,27.06,27.36,27.67,28.21,28.62,28.91,29.46,29.92,30.60,31.75,32.50,33.73,35.06
BMI,여자,40-44세,828,23.16,4.00,16.91,17.30,17.84,18.08,18.21,18.40,18.52,18.72,18.82,18.93,19.00,19.08,19.21,19.30,19.36,19.44,19.50,19.55,19.58,19.63,19.67,19.76,19.83,19.92,20.01,20.11,20.21,20.25,20.31,20.42,20.47,20.61,20.68,20.73,20.82,20.90,21.05,21.14,21.26,21.45,21.60,21.68,21.77,21.82,21.91,22.04,22.13,22.22,22.29,22.39,22.45,22.54,22.62,22.70,22.85,23.01,23.13,23.26,23.40,23.47,23.61,23.67,23.76,23.91,24.10,24.26,24.40,24.52,24.55,24.61,24.74,24.84,24.95,25.08,25.25,25.35,25.58,25.78,25.94,26.07,26.22,26.39,26.69,27.09,27.31,27.69,27.87,28.05,28.49,28.88,29.06,29.21,29.83,30.44,31.15,31.71,32.54,34.20,34.90
BMI,여자,45-49세,764,23.28,3.87,16.85,17.49,17.79,18.04,18.12,18.37,18.66,18.83,19.04,19.16,19.27,19.39,19.53,19.62,19.70,19.76,19.86,20.01,20.08,20.15,20.27,20.33,20.40,20.54,20.59,20.66,20.74,20.82,20.90,21.00,21.05,21.12,21.25,21.34,21.41,21.49,21.55,21.59,21.69,21.75,21.81,21.92,22.02,22.06,22.19,22.29,22.32,22.39,22.49,22.58,22.64,22.73,22.80,22.90,22.99,23.07,23.12,23.21,23.28,23.37,23.45,23.54,23.62,23.72,23.87,24.02,24.12,24.16,24.22,24.33,24.45,24.57,24.66,24.86,25.05,25.15,25.34,25.52,25.68,25.87,26.03,26.25,26.50,26.61,26.84,27.12,27.67,27.92,28.45,28.74,29.26,29.56,30.00,30.58,30.98,31.59,32.48,34.00,35.17
BMI,여자,50-54세,948,23.40,3.74,17.23,17.58,17.90,18.28,18.59,18.71,18.93,19.01,19.17,19.32,19.40,19.56,19.67,19.78,19.89,20.03,20.17,20.28,20.40,20.47,20.56,20.63,20.70,20.76,20.88,20.98,21.03,21.08,21.14,21.21,21.27,21.35,21.38,21.45,21.49,21.60,21.68,21.79,21.82,21.93,21.99,22.06,22.11,22.24,22.32,22.43,22.55,22.71,22.77,22.87,22.99,23.02,23.10,23.16,23.26,23.33,23.40,23.48,23.53,23.62,23.75,23.82,23.90,23.99,24.10,24.14,24.40,24.53,24.65,24.80,24.88,25.04,25.11,25.28,25.40,25.50,25.65,25.85,26.02,26.15,26.28,26.45,26.55,26.74,26.89,27.14,27.29,27.53,27.76,27.96,28.30,28.90,29.49,29.87,30.41,31.30,31.76,32.67,35.46
BMI,여자,55-59세,895,23.84,3.61,17.12,17.98,18.49,18.77,19.06,19.28,19.50,19.60,19.76,19.96,20.17,20.29,20.43,20.52,20.63,20.70,20.79,20.86,20.92,21.08,21.13,21.18,21.26,21.32,21.40,21.45,21.57,21.63,21.75,21.78,21.83,21.89,21.94,22.06,22.14,22.26,22.32,22.50,22.59,22.64,22.71,22.76,22.89,22.95,23.01,23.03,23.12,23.16,23.23,23.28,23.36,23.45,23.54,23.61,23.68,23.81,23.86,23.97,24.03,24.10,24.22,24.28,24.42,24.50,24.56,24.65,24.73,24.80,24.90,24.99,25.10,25.30,25.44,25.53,25.61,25.85,25.99,26.14,26.29,26.42,26.50,26.67,26.85,27.05,27.34,27.54,27.72,27.92,28.22,28.43,28.59,29.03,29.40,29.81,30.19,30.72,31.44,32.32,34.70
BMI,여자,60-64세,1094,24.01,3.46,17.26,18.18,18.55,18.80,19.06,19.33,19.54,19.68,19.92,20.02,20.11,20.26,20.41,20.49,20.67,20.73,20.79,20.88,20.97,21.11,21.20,21.25,21.30,21.42,21.49,21.55,21.60,21.67,21.78,21.84,21.98,22.07,22.20,22.26,22.35,22.46,22.56,22.65,22.74,22.81,22.89,22.96,23.01,23.11,23.23,23.34,23.40,23.46,23.59,23.65,23.70,23.78,23.88,23.93,24.01,24.12,24.18,24.30,24.39,24.46,24.53,24.58,24.63,24.72,24.84,24.94,25.07,25.17,25.27,25.37,25.45,25.59,25.73,25.81,25.97,26.04,26.23,26.43,26.51,26.65,26.73,26.93,27.08,27.30,27.54,27.69,27.91,28.16,28.45,28.70,28.80,29.07,29.53,29.96,30.70,31.44,31.99,32.56,34.69
BMI,여자,65-69세,1016,24.25,3.32,17.24,17.91,18.60,19.04,19.33,19.45,19.58,19.88,20.00,20.23,20.41,20.53,20.71,20.81,20.96,21.14,21.26,21.43,21.56,21.64,21.73,21.80,21.95,22.02,22.06,22.19,22.29,22.38,22.46,22.52,22.61,22.67,22.75,22.81,22.89,22.93,23.00,23.08,23.11,23.20,23.27,23.32,23.39,23.44,23.51,23.58,23.66,23.70,23.75,23.87,23.95,24.02,24.07,24.14,24.28,24.35,24.47,24.53,24.62,24.73,24.80,24.89,25.00,25.09,25.16,25.22,25.29,25.38,25.51,25.62,25.71,25.79,25.91,26.01,26.08,26.28,26.39,26.48,26.58,26.70,26.89,27.10,27.22,27.31,27.55,27.77,27.92,28.08,28.31,28.53,28.77,28.98,29.40,29.70,30.27,31.05,31.84,32.42,33.91
BMI,여자,70-74세,783,24.28,3.32,16.23,17.43,18.20,18.60,18.91,19.35,19.65,19.84,20.01,20.17,20.31,20.57,20.68,20.83,20.89,21.03,21.24,21.42,21.51,21.61,21.69,21.79,21.92,22.00,22.07,22.25,22.32,22.37,22.48,22.55,22.60,22.63,22.73,22.78,22.87,22.92,22.96,23.00,23.16,23.23,23.31,23.42,23.51,23.59,23.63,23.79,23.91,24.01,24.10,24.18,24.30,24.39,24.46,24.54,24.58,24.61,24.69,24.82,24.92,24.97,25.05,25.10,25.18,25.33,25.48,25.58,25.65,25.70,25.82,25.97,26.07,26.13,26.16,26.32,26.45,26.54,26.74,26.83,26.96,27.06,27.19,27.31,27.49,27.62,27.72,27.84,28.00,28.20,28.35,28.47,28.65,28.86,29.25,29.51,29.95,30.22,30.55,30.75,32.55
BMI,여자,75-79세,595,24.40,3.16,17.02,18.69,19.15,19.46,19.50,19.71,19.94,20.15,20.30,20.54,20.58,20.71,20.82,21.00,21.07,21.24,21.28,21.36,21.48,21.63,21.73,21.78,21.84,22.02,22.09,22.17,22.21,22.28,22.39,22.46,22.60,22.66,22.78,22.82,22.88,22.98,23.10,23.17,23.27,23.41,23.58,23.72,23.79,23.86,23.91,24.02,24.06,24.17,24.27,24.37,24.45,24.51,24.61,24.65,24.73,24.83,24.92,25.03,25.08,25.24,25.27,25.40,25.52,25.57,25.67,25.75,25.81,25.97,26.01,26.07,26.18,26.20,26.25,26.41,26.44,26.55,26.63,26.81,26.89,27.00,27.19,27.36,27.55,27.69,27.78,27.87,27.99,28.23,28.41,28.56,28.68,28.91,29.04,29.20,29.40,29.89,30.16,30.65,32.00
BMI,여자,80세이상,527,23.81,3.32,16.04,17.41,17.84,18.71,18.84,19.04,19.18,19.37,19.46,19.61,19.74,19.81,19.94,20.36,20.42,20.47,20.58,20.64,20.75,20.90,21.15,21.30,21.46,21.52,21.64,21.84,21.87,22.04,22.17,22.30,22.36,22.48,22.52,22.63,22.70,22.80,22.90,22.96,22.99,23.09,23.12,23.22,23.29,23.38,23.41,23.46,23.53,23.59,23.66,23.73,23.78,23.83,23.94,24.00,24.10,24.11,24.24,24.29,24.39,24.48,24.55,24.60,24.71,24.78,24.86,24.91,24.95,25.02,25.12,25.27,25.32,25.39,25.53,25.61,25.85,25.93,26.00,26.10,26.11,26.24,26.43,26.64,26.77,26.87,27.21,27.28,27.41,27.58,27.70,27.95,28.16,28.28,28.58,28.76,29.12,29.98,30.36,31.13,32.72
허리둘레,남자,20-24세,361,84.03,12.45,64.80,65.30,66.20,67.10,67.80,68.30,69.20,69.30,69.60,70.50,70.70,71.40,71.90,72.40,72.70,72.80,73.20,73.40,73.70,74.20,74.50,74.70,74.70,75.50,75.70,75.80,76.10,76.20,76.30,76.50,76.90,77.10,77.40,77.50,77.70,78.00,78.00,78.10,78.50,78.50,78.70,78.80,79.20,79.40,79.60,79.80,80.10,80.10,80.30,80.80,81.30,81.50,81.60,82.20,82.60,83.00,83.30,83.60,83.90,84.40,84.90,85.10,85.40,86.00,86.20,86.40,86.60,87.10,87.70,87.80,88.30,89.00,89.80,90.70,91.20,91.30,91.50,92.20,92.40,92.80,93.40,94.50,95.40,95.80,96.20,97.50,97.80,99.50,100.20,101.60,103.20,104.20,105.60,108.50,110.40,111.40,113.00,118.60,120.10
허리둘레,남자,25-29세,440,87.20,11.66,68.30,68.70,69.50,70.30,71.20,71.80,72.20,72.70,73.80,74.10,74.50,74.70,75.20,75.50,76.00,76.20,76.70,76.90,77.10,77.50,77.60,78.10,78.40,78.70,79.00,79.30,79.50,80.00,80.20,80.50,80.70,80.90,81.30,81.50,81.60,82.00,82.20,82.40,82.50,82.70,83.40,83.50,83.70,83.80,84.10,84.30,84.50,84.70,85.10,85.30,85.50,85.70,86.00,86.40,86.50,86.70,87.20,87.80,88.00,88.20,88.50,89.00,89.30,89.70,89.80,90.20,90.30,90.50,91.00,91.50,91.60,91.90,92.60,92.70,93.30,93.80,94.50,94.80,95.20,95.60,96.20,97.00,97.90,98.60,99.70,100.10,100.40,101.20,102.10,102.50,102.80,104.10,104.80,105.80,110.40,113.70,115.70,116.60,121.80
허리둘레,남자,30-34세,400,88.58,10.44,67.30,67.80,70.70,72.20,73.00,74.10,75.10,75.70,76.20,77.00,77.50,77.70,78.00,78.40,78.80,79.20,79.50,79.50,80.00,80.40,80.60,81.00,81.10,81.20,81.30,81.90,82.20,82.30,82.50,82.70,82.80,83.20,83.30,83.50,83.70,83.80,83.90,84.00,84.30,84.60,85.10,85.40,85.60,85.90,86.20,86.20,86.40,86.50,86.70,87.00,87.20,87.60,87.80,88.20,88.70,89.20,89.40,89.70,90.20,90.40,90.70,91.00,91.20,91.30,91.70,92.00,92.30,92.80,93.10,93.50,93.70,94.10,94.30,94.50,94.60,95.20,95.70,96.20,96.70,97.20,97.50,97.60,97.90,98.20,98.30,99.00,99.30,99.50,102.30,102.50,103.20,104.20,104.70,105.50,106.20,107.00,107.20,114.20,115.70
허리둘레,남자,35-39세,469,89.58,10.72,69.60,70.50,71.30,73.60,74.30,74.70,75.10,75.60,76.20,76.90,77.20,77.70,78.20,78.50,78.70,79.20,79.50,80.00,80.20,80.40,80.70,81.50,81.60,81.90,82.20,82.50,82.60,82.80,83.10,83.50,83.70,84.00,84.20,84.30,84.50,84.60,85.20,85.50,85.60,86.00,86.20,86.30,86.50,86.70,86.80,87.00,87.10,87.70,88.00,88.20,88.30,88.70,89.00,89.20,89.60,89.80,90.10,90.30,90.40,90.90,91.20,91.30,91.60,92.00,92.20,92.50,92.70,92.70,93.30,93.90,94.20,94.60,94.80,95.40,96.30,96.70,97.00,97.80,98.00,98.70,99.10,99.40,100.10,100.40,100.60,101.20,101.80,102.80,104.00,104.70,105.20,105.60,106.40,108.70,109.00,111.20,113.20,115.70,118.20
허리둘레,남자,40-44세,580,90.64,9.59,70.20,72.30,73.70,75.00,76.00,76.50,77.10,77.70,78.40,78.80,79.20,79.50,79.80,80.30,80.60,81.00,81.30,81.70,82.10,82.40,82.60,82.90,83.20,83.40,84.00,84.40,84.50,84.70,85.30,86.10,86.30,86.50,86.70,87.00,87.40,87.50,87.80,87.80,88.00,88.20,88.40,88.90,89.00,89.10,89.20,89.40,89.50,89.80,90.00,90.10,90.40,90.70,90.80,91.10,91.40,91.50,91.70,92.00,92.30,92.50,92.80,93.00,93.20,93.20,93.50,93.60,93.90,94.30,94.50,94.80,95.20,95.40,95.70,96.00,96.30,96.40,96.90,97.30,97.70,98.10,98.20,98.70,99.20,99.50,100.10,100.30,100.80,101.20,101.60,102.30,102.80,103.40,104.40,105.60,106.70,108.50,110.60,112.80,116.40
허리둘레,남자,45-49세,553,89.68,9.70,69.20,70.60,72.30,73.20,74.20,75.00,76.20,76.60,77.00,77.50,77.80,78.20,78.50,79.20,79.60,80.20,80.50,80.90,81.20,81.40,82.00,82.30,82.90,83.10,83.30,83.70,84.00,84.00,84.50,84.60,85.00,85.30,85.50,85.70,86.20,86.40,86.60,86.80,87.10,87.30,87.60,87.80,88.10,88.20,88.40,88.60,88.80,89.00,89.20,89.30,89.50,89.50,89.80,89.80,90.00,90.10,90.30,90.50,90.80,91.30,91.50,91.60,91.80,92.30,92.60,92.70,93.00,93.30,93.60,93.80,94.70,95.00,95.10,95.40,95.50,96.00,96.50,96.80,97.30,97.50,98.20,98.30,98.70,99.10,99.40,100.20,100.50,101.00,101.50,102.20,103.50,103.80,104.60,105.00,106.00,107.90,109.90,111.00,115.30
허리둘레,남자,50-54세,632,88.98,8.43,68.50,71.60,74.20,74.70,75.70,76.30,77.20,78.20,78.70,78.90,79.30,79.50,79.70,80.00,80.30,80.60,80.80,81.10,81.30,82.20,82.40,82.60,83.10,83.50,83.70,84.10,84.30,84.50,84.60,84.80,85.00,85.20,85.50,85.60,85.80,86.10,86.30,86.50,86.70,87.00,87.20,87.30,87.30,87.40,87.60,87.80,88.00,88.20,88.70,89.00,89.30,89.40,89.60,89.60,89.80,90.00,90.20,90.30,90.70,91.00,91.10,91.20,91.40,91.50,91.70,92.20,92.40,92.50,92.70,93.00,93.20,93.30,93.40,93.50,93.70,94.20,94.40,94.70,95.00,95.50,95.80,96.00,96.30,96.70,97.10,97.30,97.60,98.30,98.50,98.70,99.50,100.20,100.80,101.80,102.70,105.40,108.20,109.10,111.20
허리둘레,남자,55-59세,633,89.49,9.00,68.30,71.00,72.90,73.70,75.00,75.50,76.40,77.20,77.80,78.00,78.40,78.60,79.20,80.00,80.80,81.10,81.50,81.70,82.20,82.50,82.70,83.40,83.50,83.50,84.20,84.30,84.60,84.90,85.20,85.30,85.40,85.60,86.00,86.30,86.50,86.80,87.00,87.10,87.20,87.40,87.50,87.70,88.20,88.30,88.40,88.60,88.70,88.90,89.20,89.30,89.50,89.70,89.90,90.20,90.50,90.70,90.80,91.10,91.30,91.50,91.60,91.80,91.90,92.40,92.40,92.50,92.70,92.90,93.10,93.40,93.70,94.00,94.20,94.50,94.70,95.00,95.50,95.60,95.80,96.20,96.40,96.50,97.00,97.40,97.80,98.40,98.70,99.60,100.10,100.60,100.90,102.00,102.90,103.50,105.50,105.80,106.60,109.40,112.50
허리둘레,남자,60-64세,797,88.12,8.77,69.40,70.80,71.20,72.30,73.00,74.20,74.70,75.30,76.10,76.50,77.20,77.50,78.10,78.60,79.00,79.40,79.90,80.20,80.60,81.00,81.40,81.50,81.90,82.20,82.40,82.80,83.10,83.30,83.60,83.80,84.00,84.20,84.50,84.70,84.90,85.00,85.30,85.40,85.70,86.00,86.10,86.30,86.50,86.80,87.10,87.30,87.60,87.70,88.00,88.20,88.30,88.50,88.70,88.90,89.20,89.50,89.80,90.20,90.30,90.40,90.60,90.70,91.00,91.10,91.30,91.50,91.60,91.80,92.00,92.20,92.60,93.00,93.20,93.40,93.70,93.90,94.30,94.70,95.10,95.50,95.80,96.00,96.20,96.70,96.90,97.30,97.60,98.10,98.50,99.20,99.40,100.00,100.50,101.00,101.60,102.60,104.70,106.10,110.30
허리둘레,남자,65-69세,775,88.69,8.83,66.90,70.20,71.10,71.90,73.20,74.30,75.50,76.10,76.60,77.20,78.10,78.40,79.10,79.90,80.00,80.30,80.40,81.00,81.40,81.60,82.00,82.40,82.80,83.10,83.30,83.50,83.80,84.00,84.20,84.30,84.50,84.70,85.00,85.20,85.40,85.70,86.10,86.30,86.50,86.70,87.00,87.20,87.40,87.50,87.70,87.80,88.10,88.30,88.50,88.60,88.80,89.20,89.30,89.50,89.70,90.00,90.10,90.30,90.50,90.70,91.10,91.20,91.40,91.60,91.80,92.00,92.30,92.60,92.80,93.10,93.40,93.50,94.00,94.20,94.40,94.60,94.70,94.90,95.30,95.40,95.70,96.00,96.70,97.00,97.40,98.00,98.20,98.50,98.90,99.80,100.30,100.80,101.70,103.20,103.50,104.10,104.70,107.10,110.20
허리둘레,남자,70-74세,620,87.80,8.77,67.70,68.80,70.00,72.70,73.40,74.30,75.20,75.50,75.50,76.30,76.70,77.20,77.70,78.20,78.50,79.10,79.60,79.90,80.40,80.70,81.20,81.40,81.50,81.70,82.00,82.50,82.70,82.80,83.20,83.70,83.90,84.20,84.40,84.60,84.70,85.00,85.20,85.30,85.60,85.80,86.20,86.40,86.60,86.70,87.10,87.30,87.40,87.50,87.70,88.00,88.20,88.30,88.40,88.60,88.70,88.90,89.00,89.30,89.50,89.60,89.80,90.10,90.20,90.40,90.70,90.90,91.20,91.40,91.90,92.20,92.40,92.70,93.20,93.30,93.60,93.70,94.00,94.20,94.70,94.90,95.20,96.10,96.40,96.70,97.10,97.20,97.50,98.00,98.60,98.90,99.20,100.20,100.60,101.20,102.00,103.00,103.50,106.00,108.70
허리둘레,남자,75-79세,517,89.80,8.77,68.20,71.00,72.50,73.80,75.00,76.80,77.60,78.00,78.80,79.30,79.50,80.00,80.20,80.40,80.80,81.20,81.40,81.90,82.20,82.50,83.00,83.30,83.40,83.70,84.00,84.40,84.70,84.80,85.30,85.50,85.60,85.70,85.80,86.20,86.50,86.80,87.20,87.30,87.40,87.60,87.70,87.70,87.90,88.10,88.40,88.50,88.70,89.00,89.20,89.30,89.60,90.10,90.20,90.50,90.70,90.90,91.00,91.20,91.50,91.70,92.00,92.40,92.70,93.00,93.20,93.30,93.60,93.80,93.90,94.20,94.30,94.70,95.00,95.20,95.50,95.70,96.10,96.60,97.30,97.50,97.90,98.00,98.30,98.70,98.90,99.30,99.70,100.10,100.20,100.30,100.50,101.90,102.80,103.20,104.10,105.00,106.40,108.10,110.60
허리둘레,남자,80세이상,390,86.94,9.33,64.10,66.40,67.50,68.50,69.50,70.50,71.50,73.10,74.10,74.30,75.20,76.20,76.70,76.70,77.80,78.00,78.40,78.60,79.00,79.50,79.60,80.10,80.30,80.60,80.80,81.30,81.50,81.70,82.00,82.50,82.70,82.80,83.10,83.20,83.30,83.50,84.40,84.60,84.70,85.30,85.50,85.60,85.80,86.10,86.30,86.60,86.70,87.20,87.20,87.30,87.60,88.00,88.20,88.20,88.30,88.50,88.50,88.80,89.10,89.20,90.10,90.10,90.40,90.70,91.00,91.30,91.50,91.70,92.20,92.50,92.60,93.00,93.20,93.50,93.70,94.00,94.20,94.40,94.90,95.10,95.20,95.70,96.00,96.20,96.40,96.60,97.00,97.50,97.70,98.00,98.40,98.90,99.50,100.40,101.20,101.50,102.90,103.40,106.70
허리둘레,여자,20-24세,448,72.71,10.34,57.60,57.90,58.90,60.00,60.50,61.20,61.40,61.50,61.60,61.80,62.00,62.10,62.20,62.40,62.50,62.70,63.00,63.10,63.40,63.50,63.90,64.20,64.40,64.50,64.80,65.10,65.60,65.70,66.00,66.20,66.50,66.80,67.00,67.20,67.50,68.10,68.20,68.50,68.60,68.70,68.80,69.10,69.20,69.40,69.50,69.70,70.20,70.30,70.50,70.50,70.70,71.10,71.30,71.50,71.70,72.30,72.50,72.70,73.00,73.30,73.40,73.70,74.30,74.70,74.90,75.20,75.30,75.50,75.70,76.00,76.50,76.70,77.30,77.80,77.90,78.20,78.50,78.80,79.90,80.20,80.80,81.40,82.00,82.20,82.70,83.00,83.70,84.30,85.20,86.50,86.80,87.70,89.30,90.50,92.40,93.50,95.70,97.20,102.00
허리둘레,여자,25-29세,501,73.98,10.72,58.60,59.20,59.70,60.30,61.20,61.30,62.20,62.60,62.90,63.10,63.40,63.60,64.00,64.40,64.70,65.00,65.20,65.30,65.50,66.00,66.10,66.40,66.40,66.80,67.00,67.10,67.30,67.40,67.60,67.70,67.80,68.00,68.30,68.50,68.60,69.10,69.20,69.30,69.40,69.60,70.00,70.10,70.20,70.20,70.30,70.50,70.60,70.80,71.00,71.10,71.20,71.50,71.70,72.10,72.20,72.40,72.80,73.10,73.50,73.70,74.10,74.50,74.80,75.20,75.30,75.50,76.10,76.40,76.70,77.40,77.80,78.50,78.70,79.10,79.20,79.60,79.80,80.30,80.80,81.20,81.90,82.40,82.50,82.80,83.50,83.70,84.00,85.10,85.40,86.70,88.40,89.00,91.20,91.90,93.10,94.30,99.30,104.60,114.70
허리둘레,여자,30-34세,491,76.59,10.91,60.40,61.00,61.40,62.40,63.20,63.60,63.90,64.50,64.70,65.00,65.20,65.50,66.00,66.20,66.50,66.80,67.20,67.50,67.70,67.70,68.20,68.30,68.30,68.50,68.70,68.80,69.20,69.30,69.40,69.50,69.80,70.00,70.30,70.50,70.60,70.70,71.20,71.30,71.50,71.70,71.80,72.10,72.50,72.60,72.80,73.30,73.50,73.70,73.90,74.20,74.30,74.60,74.70,75.10,75.40,75.70,76.00,76.40,76.80,77.30,77.40,77.70,78.00,78.30,78.60,78.80,79.00,79.40,79.80,80.20,80.60,81.00,81.60,82.00,82.20,82.70,82.90,83.20,83.80,84.70,85.20,85.80,86.10,86.70,87.40,88.00,88.70,89.40,90.50,91.30,92.20,93.60,95.40,96.30,98.50,100.50,104.00,106.20,109.40
허리둘레,여자,35-39세,562,76.74,9.95,61.80,63.00,63.70,64.10,64.50,65.00,65.20,65.40,65.80,66.20,66.20,66.40,66.70,66.80,67.10,67.20,67.60,67.80,68.10,68.40,68.70,68.90,69.10,69.20,69.40,69.50,69.70,70.00,70.20,70.70,71.20,71.30,71.60,71.70,71.70,71.90,72.50,72.60,72.70,72.90,73.20,73.30,73.50,73.50,73.70,74.00,74.20,74.40,74.60,74.90,75.00,75.20,75.30,75.50,75.80,76.20,76.40,76.70,76.90,77.50,77.70,77.80,78.30,78.50,79.00,79.30,79.40,79.60,80.10,80.40,80.50,80.70,81.20,81.30,81.40,81.60,82.00,82.20,82.50,83.20,83.70,84.40,85.20,85.70,86.10,87.30,88.30,89.20,89.40,90.50,91.50,93.00,93.90,95.00,96.50,97.20,98.30,101.10,106.50
허리둘레,여자,40-44세,798,77.95,10.54,62.00,62.80,63.20,64.00,64.30,64.70,65.00,65.50,65.70,66.00,66.20,66.30,66.50,67.00,67.40,67.60,68.20,68.40,68.60,68.80,69.00,69.20,69.30,69.70,70.10,70.40,70.70,70.80,71.00,71.20,71.30,71.50,71.60,71.80,72.20,72.40,72.60,72.90,73.10,73.20,73.40,73.70,73.80,74.10,74.50,74.90,75.20,75.50,75.60,75.80,76.30,76.60,77.00,77.20,77.60,77.80,78.10,78.40,78.60,79.00,79.30,79.70,80.00,80.30,80.70,81.00,81.30,81.60,82.20,82.30,82.60,82.70,83.40,83.80,84.20,84.60,84.70,85.30,85.70,86.00,86.60,87.30,87.80,88.40,88.80,89.40,89.80,91.20,91.80,92.60,93.60,94.70,96.20,97.70,98.10,99.40,100.70,103.70,109.50
허리둘레,여자,45-49세,741,78.36,9.90,61.20,62.40,63.50,64.30,64.60,65.30,66.30,66.60,66.70,67.20,67.30,67.50,67.90,68.40,68.50,69.00,69.20,69.50,69.80,70.00,70.30,70.50,70.80,71.10,71.30,71.60,72.00,72.20,72.40,72.70,72.90,73.20,73.30,73.40,73.50,74.00,74.20,74.40,74.50,74.70,75.00,75.20,75.30,75.50,75.80,76.10,76.40,76.50,76.60,76.80,77.20,77.30,77.50,77.70,77.90,78.10,78.40,78.60,78.80,79.20,79.40,79.50,79.80,80.00,80.20,80.50,80.90,81.20,81.30,81.50,82.20,82.50,82.70,83.00,83.70,84.10,84.50,85.00,85.60,86.00,86.50,86.70,87.20,88.20,88.40,88.90,89.90,90.20,91.20,92.00,93.10,94.00,95.10,96.40,97.80,98.80,100.40,101.30,105.30
허리둘레,여자,50-54세,923,79.25,9.43,63.10,64.20,64.80,65.50,66.20,66.70,67.00,67.30,67.50,68.20,68.70,68.80,69.30,69.60,69.80,70.00,70.50,70.70,71.10,71.40,71.50,71.70,71.90,72.20,72.30,72.60,72.80,73.20,73.50,73.70,74.00,74.20,74.20,74.50,74.80,75.00,75.30,75.40,75.80,76.10,76.30,76.50,76.60,76.80,77.20,77.40,77.50,77.80,78.10,78.20,78.40,78.50,78.60,79.10,79.30,79.50,79.70,80.00,80.20,80.30,80.70,80.90,81.10,81.50,81.50,81.80,82.20,82.40,82.50,82.80,83.20,83.50,83.80,84.20,84.50,84.80,85.40,85.60,86.00,86.30,86.80,87.00,87.40,87.90,88.50,88.90,89.50,90.40,90.80,91.60,92.40,93.60,94.60,95.30,96.50,97.50,99.80,103.00,107.80
허리둘레,여자,55-59세,878,81.30,9.70,60.80,62.90,64.40,65.30,66.30,66.90,68.10,69.00,69.70,70.10,70.60,71.10,71.50,72.00,72.20,72.50,72.90,73.20,73.50,74.00,74.20,74.40,74.50,74.80,75.20,75.20,75.50,75.60,76.00,76.20,76.50,76.60,76.80,77.10,77.20,77.40,77.50,77.80,78.00,78.30,78.50,78.70,78.80,79.10,79.20,79.50,79.70,80.00,80.30,80.50,80.70,81.00,81.20,81.40,81.70,81.80,82.00,82.30,82.50,83.00,83.20,83.40,83.70,84.00,84.20,84.50,84.70,84.90,85.20,85.30,85.60,85.70,86.00,86.30,86.70,87.10,87.60,88.00,88.20,88.40,88.60,88.80,89.50,89.80,90.50,91.20,92.10,92.60,93.10,94.00,94.30,95.30,96.40,97.20,98.20,99.20,101.10,103.20,106.50
허리둘레,여자,60-64세,1076,82.26,9.49,63.30,65.20,66.50,68.00,68.50,69.10,69.50,70.00,70.30,70.70,71.20,71.50,71.80,72.20,72.60,73.00,73.30,73.50,73.70,74.00,74.20,74.40,74.70,75.00,75.20,75.50,75.80,76.20,76.50,76.90,77.20,77.40,77.50,77.70,78.00,78.30,78.50,78.60,78.70,78.90,79.20,79.60,80.00,80.20,80.30,80.50,80.80,81.10,81.40,81.70,81.80,82.10,82.40,82.60,82.70,83.10,83.20,83.40,83.70,84.00,84.30,84.70,84.90,85.20,85.40,85.60,85.80,86.10,86.30,86.50,86.60,87.00,87.30,87.60,88.00,88.40,88.60,88.80,89.40,89.60,90.20,90.60,91.00,91.50,91.90,92.50,92.90,93.60,94.00,94.70,95.50,96.40,97.30,98.20,99.40,100.40,101.50,103.40,107.00
허리둘레,여자,65-69세,1005,83.66,9.17,62.70,65.40,66.80,68.20,69.40,70.30,70.70,71.10,71.70,72.40,72.70,73.20,74.00,74.30,74.50,74.80,75.30,75.40,75.60,75.90,76.20,76.40,76.80,77.00,77.20,77.50,78.10,78.30,78.50,78.70,79.10,79.50,79.70,79.90,80.20,80.20,80.50,80.70,81.00,81.20,81.40,81.50,81.70,81.80,82.10,82.40,82.50,82.70,83.00,83.20,83.40,83.70,84.00,84.20,84.40,84.50,84.90,85.20,85.50,85.80,86.00,86.20,86.30,86.60,86.80,87.00,87.20,87.40,87.50,88.10,88.40,88.50,88.80,89.00,89.30,89.60,90.10,90.50,90.70,91.20,91.50,91.60,92.10,92.40,92.70,93.20,93.40,94.00,94.40,94.80,95.80,96.40,97.20,97.70,98.80,100.20,101.70,104.50,109.20
허리둘레,여자,70-74세,774,85.03,9.64,60.40,63.60,65.20,67.20,68.50,70.10,70.70,71.80,72.40,73.20,73.70,73.80,74.20,74.80,75.40,75.90,76.60,77.00,77.50,78.00,78.20,78.50,78.70,79.20,79.40,79.60,79.70,80.10,80.20,80.50,80.70,81.20,81.40,81.60,81.70,82.00,82.20,82.40,82.50,83.00,83.10,83.40,83.50,83.80,84.10,84.20,84.30,84.40,84.60,84.80,85.10,85.30,85.60,85.70,86.00,86.30,86.30,86.50,86.70,87.00,87.20,87.50,87.70,88.10,88.30,88.50,88.70,89.00,89.20,89.50,89.70,90.20,90.60,90.90,91.20,91.30,91.50,92.10,92.50,92.80,93.30,93.60,94.00,94.20,94.70,95.00,95.60,96.00,96.40,96.90,97.50,98.30,99.00,99.40,100.40,101.40,103.10,105.40,106.50
허리둘레,여자,75-79세,611,86.31,9.33,62.60,67.30,69.40,70.80,71.80,72.50,73.20,74.00,74.20,74.50,75.00,75.40,75.80,76.20,76.40,76.70,76.90,77.30,77.50,77.70,78.40,78.50,79.00,79.30,79.60,80.10,80.50,80.60,80.90,81.40,81.70,81.90,82.20,82.40,82.60,83.00,83.30,83.50,83.90,84.20,84.40,84.50,84.70,85.10,85.50,85.50,85.70,85.80,86.20,86.40,86.70,87.00,87.30,87.40,87.60,88.00,88.30,88.60,88.60,88.80,89.30,89.50,89.80,90.10,90.20,90.50,90.80,91.20,91.40,91.60,91.90,92.00,92.20,92.50,92.70,93.00,93.40,93.70,94.00,94.10,94.30,94.60,94.70,95.10,95.30,95.50,96.30,96.70,97.30,97.70,98.00,98.70,100.10,100.30,101.00,102.10,103.20,103.80,107.60
허리둘레,여자,80세이상,587,85.40,10.00,59.00,64.30,65.20,66.00,68.20,69.80,70.10,71.20,72.00,72.30,73.20,73.80,74.60,75.20,75.50,75.80,76.40,76.60,76.70,77.50,77.90,78.20,78.50,78.80,79.00,79.40,79.80,80.10,80.20,80.80,81.20,81.40,81.60,81.90,82.40,82.50,82.50,82.80,83.10,83.20,83.50,83.70,84.00,84.20,84.50,84.70,85.00,85.40,85.70,85.90,86.30,86.40,86.50,86.90,87.10,87.20,87.40,87.50,87.70,88.20,88.30,88.50,88.50,88.80,89.00,89.20,89.50,89.70,89.80,90.20,90.40,90.70,90.80,91.10,91.30,91.60,92.00,92.40,93.00,93.20,93.80,94.00,94.30,94.70,95.10,95.30,95.50,96.20,96.60,97.10,98.20,99.00,99.40,100.00,100.70,102.10,105.30,109.00,110.60
