항목,단위,성별,연령대,표본수,P5,P10,P20,P30,P40,P50,P60,P70,P80,P90,P95,원 구간·가정
BMI,kg/m²,남,19세이하,5723,17.6,19,20.2,21.4,22.6,23.8,25.1,27.1,29,33.6,37.1,18.5/25/30/40 · 끝 구간 14·50 가정
BMI,kg/m²,여,19세이하,2930,15.9,17.7,19.3,20.3,21.4,22.4,23.4,24.4,26.4,29.6,34.6,18.5/25/30/40 · 끝 구간 14·50 가정
BMI,kg/m²,남,20~24세,232290,18.6,19.1,20.3,21.5,22.7,23.9,25.1,26.9,28.6,31.8,36.2,18.5/25/30/40 · 끝 구간 14·50 가정
BMI,kg/m²,여,20~24세,312274,15.6,17.1,19.1,20,21,22,23,23.9,24.9,28.5,31.8,18.5/25/30/40 · 끝 구간 14·50 가정
BMI,kg/m²,남,25~29세,626802,18.9,19.6,20.9,22.2,23.5,24.8,26.2,27.6,29,32.4,36.4,18.5/25/30/40 · 끝 구간 14·50 가정
BMI,kg/m²,여,25~29세,577951,16.1,18.1,19.4,20.3,21.2,22.2,23.1,24,25,28.6,32.2,18.5/25/30/40 · 끝 구간 14·50 가정
BMI,kg/m²,남,30~34세,923035,19.1,19.8,21.3,22.8,24.3,25.6,26.9,28.1,29.4,33.4,36.9,18.5/25/30/40 · 끝 구간 14·50 가정
BMI,kg/m²,여,30~34세,715175,16.5,18.6,19.5,20.5,21.5,22.4,23.4,24.3,25.9,29.1,33.1,18.5/25/30/40 · 끝 구간 14·50 가정
BMI,kg/m²,남,35~39세,771493,19.2,20,21.6,23.2,24.9,26.1,27.2,28.4,29.5,33.9,37.1,18.5/25/30/40 · 끝 구간 14·50 가정
BMI,kg/m²,여,35~39세,528021,17.1,18.8,19.7,20.7,21.7,22.7,23.6,24.6,26.7,29.4,33.8,18.5/25/30/40 · 끝 구간 14·50 가정
BMI,kg/m²,남,40~44세,1102746,19.2,19.9,21.5,23.1,24.7,25.9,27,28.1,29.3,32.7,36.5,18.5/25/30/40 · 끝 구간 14·50 가정
BMI,kg/m²,여,40~44세,895583,17.6,18.9,19.8,20.8,21.7,22.7,23.7,24.6,26.6,29.2,32.9,18.5/25/30/40 · 끝 구간 14·50 가정
BMI,kg/m²,남,45~49세,893962,19.1,19.9,21.4,22.8,24.3,25.6,26.7,27.9,29,30.8,35.5,18.5/25/30/40 · 끝 구간 14·50 가정
BMI,kg/m²,여,45~49세,714506,18.4,19,19.9,20.9,21.9,22.8,23.8,24.7,26.7,29.1,32.2,18.5/25/30/40 · 끝 구간 14·50 가정
BMI,kg/m²,남,50~54세,1122396,19.1,19.7,21.1,22.5,23.9,25.2,26.3,27.5,28.6,29.8,33.8,18.5/25/30/40 · 끝 구간 14·50 가정
BMI,kg/m²,여,50~54세,1050737,18.5,19,20,20.9,21.9,22.9,23.8,24.8,26.7,29,30.7,18.5/25/30/40 · 끝 구간 14·50 가정
BMI,kg/m²,남,55~59세,882086,19,19.6,20.9,22.2,23.5,24.8,26,27.2,28.3,29.5,31.5,18.5/25/30/40 · 끝 구간 14·50 가정
BMI,kg/m²,여,55~59세,869857,18.7,19.2,20.2,21.1,22.1,23.1,24.1,25.1,27.1,29,30.1,18.5/25/30/40 · 끝 구간 14·50 가정
BMI,kg/m²,남,60~64세,951102,18.9,19.5,20.7,21.9,23.1,24.3,25.5,26.8,28,29.3,29.9,18.5/25/30/40 · 끝 구간 14·50 가정
BMI,kg/m²,여,60~64세,1023357,18.7,19.2,20.2,21.2,22.2,23.2,24.2,25.4,27.3,29.1,30,18.5/25/30/40 · 끝 구간 14·50 가정
BMI,kg/m²,남,65~69세,626911,18.9,19.5,20.6,21.8,23,24.1,25.3,26.6,27.9,29.2,29.8,18.5/25/30/40 · 끝 구간 14·50 가정
BMI,kg/m²,여,65~69세,657664,18.8,19.3,20.3,21.4,22.5,23.5,24.6,26,27.6,29.2,30.1,18.5/25/30/40 · 끝 구간 14·50 가정
BMI,kg/m²,남,70~74세,515549,18.8,19.4,20.5,21.7,22.8,23.9,25,26.4,27.7,29.1,29.8,18.5/25/30/40 · 끝 구간 14·50 가정
BMI,kg/m²,여,70~74세,568333,18.8,19.4,20.5,21.6,22.7,23.9,25,26.5,27.9,29.4,31.5,18.5/25/30/40 · 끝 구간 14·50 가정
BMI,kg/m²,남,75~79세,228794,18.8,19.3,20.4,21.5,22.6,23.7,24.8,26.1,27.5,29,29.7,18.5/25/30/40 · 끝 구간 14·50 가정
BMI,kg/m²,여,75~79세,246721,18.8,19.4,20.5,21.7,22.8,24,25.2,26.6,28,29.4,31.6,18.5/25/30/40 · 끝 구간 14·50 가정
BMI,kg/m²,남,80~84세,164332,18.6,19.2,20.2,21.2,22.3,23.3,24.3,25.6,27.2,28.8,29.6,18.5/25/30/40 · 끝 구간 14·50 가정
BMI,kg/m²,여,80~84세,192353,18.7,19.3,20.4,21.6,22.7,23.9,25.1,26.5,27.9,29.4,31.1,18.5/25/30/40 · 끝 구간 14·50 가정
BMI,kg/m²,남,85세이상,44465,17.7,18.9,19.9,20.8,21.8,22.8,23.8,24.7,26.4,28.4,29.3,18.5/25/30/40 · 끝 구간 14·50 가정
BMI,kg/m²,여,85세이상,62933,16.4,18.6,19.7,20.8,21.8,22.9,24,25.2,27,28.9,29.8,18.5/25/30/40 · 끝 구간 14·50 가정
허리둘레,cm,남,19세이하,5725,57.6,60.3,65.6,70.9,75.7,79.1,82.4,86.1,91.4,99.3,105.9,75~110 5cm · 끝 구간 55·125 가정
허리둘레,cm,여,19세이하,2929,56.4,57.8,60.5,63.3,66.1,68.8,71.6,74.3,78.6,85.2,91.6,75~110 5cm · 끝 구간 55·125 가정
허리둘레,cm,남,20~24세,232371,58.2,61.5,67.9,74.4,77.6,80.5,83.2,86.4,90.6,97.8,104.2,75~110 5cm · 끝 구간 55·125 가정
허리둘레,cm,여,20~24세,312312,56.3,57.6,60.2,62.8,65.4,68,70.6,73.2,76.8,83.5,89.5,75~110 5cm · 끝 구간 55·125 가정
허리둘레,cm,남,25~29세,626992,60.2,65.4,75.2,78.1,80.8,83.2,85.6,88.6,92.6,98.8,104.5,75~110 5cm · 끝 구간 55·125 가정
허리둘레,cm,여,25~29세,577266,56.3,57.7,60.3,63,65.7,68.4,71,73.7,77.8,84.4,90.8,75~110 5cm · 끝 구간 55·125 가정
허리둘레,cm,남,30~34세,923367,63.2,71.5,77.8,80.8,83.1,85.5,88,90.9,94.6,100.4,106.1,75~110 5cm · 끝 구간 55·125 가정
허리둘레,cm,여,30~34세,710787,56.5,57.9,60.9,63.8,66.8,69.7,72.6,75.9,80.4,87.1,93.4,75~110 5cm · 끝 구간 55·125 가정
허리둘레,cm,남,35~39세,771715,66.8,75.7,80,82.5,84.9,87.3,89.6,92.6,96.1,101.8,107.1,75~110 5cm · 끝 구간 55·125 가정
허리둘레,cm,여,35~39세,525956,56.6,58.3,61.5,64.8,68.1,71.3,74.6,78.3,82.7,89,94.8,75~110 5cm · 끝 구간 55·125 가정
허리둘레,cm,남,40~44세,1102916,68,76.1,80.4,82.8,85.2,87.4,89.6,92.4,95.6,100.6,105.2,75~110 5cm · 끝 구간 55·125 가정
허리둘레,cm,여,40~44세,895355,56.7,58.4,61.8,65.2,68.6,72,75.4,78.9,83,88.9,94.3,75~110 5cm · 끝 구간 55·125 가정
허리둘레,cm,남,45~49세,894022,67.6,75.9,80.2,82.5,84.8,86.9,89,91.6,94.5,99.2,103.6,75~110 5cm · 끝 구간 55·125 가정
허리둘레,cm,여,45~49세,714547,56.8,58.6,62.1,65.7,69.3,72.8,76.3,79.5,83.3,88.7,93.8,75~110 5cm · 끝 구간 55·125 가정
허리둘레,cm,남,50~54세,1122442,66.8,75.7,80,82.2,84.3,86.4,88.5,90.8,93.7,98.1,102,75~110 5cm · 끝 구간 55·125 가정
허리둘레,cm,여,50~54세,1050784,56.9,58.8,62.6,66.4,70.2,73.9,77.1,80.1,83.6,88.7,93.4,75~110 5cm · 끝 구간 55·125 가정
허리둘레,cm,남,55~59세,882130,66.4,75.5,79.7,82,84.1,86.2,88.2,90.2,93.2,97.3,100.5,75~110 5cm · 끝 구간 55·125 가정
허리둘레,cm,여,55~59세,869892,57.2,59.4,63.9,68.3,72.7,76.3,79,81.8,84.7,89.4,93.9,75~110 5cm · 끝 구간 55·125 가정
허리둘레,cm,남,60~64세,951131,66,75.4,79.6,81.9,84,86.1,88.1,90.1,93,96.9,99.9,75~110 5cm · 끝 구간 55·125 가정
허리둘레,cm,여,60~64세,1023381,57.6,60.1,65.3,70.4,75.3,77.8,80.4,83,85.8,90.1,94.4,75~110 5cm · 끝 구간 55·125 가정
허리둘레,cm,남,65~69세,626942,66.3,75.5,80,82.2,84.3,86.4,88.4,90.5,93.3,97.2,100.1,75~110 5cm · 끝 구간 55·125 가정
허리둘레,cm,여,65~69세,657684,58.1,61.2,67.4,73.6,77,79.6,81.9,84.2,87.4,91.8,95.4,75~110 5cm · 끝 구간 55·125 가정
허리둘레,cm,남,70~74세,515579,66.1,75.5,80.1,82.4,84.7,86.7,88.7,91,93.7,97.7,100.8,75~110 5cm · 끝 구간 55·125 가정
허리둘레,cm,여,70~74세,568352,58.9,62.9,70.8,76.3,79,81.4,83.6,86,89,93.5,97.4,75~110 5cm · 끝 구간 55·125 가정
허리둘레,cm,남,75~79세,228808,65.5,75.3,80.1,82.5,84.9,86.9,89,91.4,94,98.1,101.4,75~110 5cm · 끝 구간 55·125 가정
허리둘레,cm,여,75~79세,246729,59.6,64.2,73.4,77.5,80.3,82.5,84.7,87.3,90,94.4,98.4,75~110 5cm · 끝 구간 55·125 가정
허리둘레,cm,남,80~84세,164346,64.2,73.4,79.5,82.2,84.6,86.8,88.9,91.3,94.1,98.2,101.5,75~110 5cm · 끝 구간 55·125 가정
허리둘레,cm,여,80~84세,192369,59.9,64.8,74.6,78.2,81,83.1,85.4,88,91,94.9,98.8,75~110 5cm · 끝 구간 55·125 가정
허리둘레,cm,남,85세이상,44469,62.1,69.2,77.5,81,83.4,85.8,88.1,90.6,93.5,97.7,101,75~110 5cm · 끝 구간 55·125 가정
허리둘레,cm,여,85세이상,63002,58.7,62.5,69.9,76,79.3,81.8,84.1,86.9,89.9,94.5,98.5,75~110 5cm · 끝 구간 55·125 가정
수축기혈압,mmHg,남,19세이하,5725,89.4,98.9,111.1,113.9,116.6,119.3,122.8,126.6,130.6,136.2,139,110~180 10 단위 · 끝 구간 80·210 가정
수축기혈압,mmHg,여,19세이하,2930,83.5,87,94.1,101.1,108.1,112,114.8,117.6,120.9,128.3,134.2,110~180 10 단위 · 끝 구간 80·210 가정
수축기혈압,mmHg,남,20~24세,232358,89.5,99,111.2,114.1,117.1,120,123.6,127.1,131.1,136.7,139.5,110~180 10 단위 · 끝 구간 80·210 가정
수축기혈압,mmHg,여,20~24세,312359,83.4,86.9,93.8,100.7,107.6,111.8,114.6,117.5,120.6,127.4,132.1,110~180 10 단위 · 끝 구간 80·210 가정
수축기혈압,mmHg,남,25~29세,626997,91.6,103.3,112.1,115.2,118.2,121.4,124.9,128.4,132.7,137.6,140.1,110~180 10 단위 · 끝 구간 80·210 가정
수축기혈압,mmHg,여,25~29세,578414,83.6,87.2,94.3,101.5,108.7,112.3,115.1,117.9,121.5,128.1,133.6,110~180 10 단위 · 끝 구간 80·210 가정
수축기혈압,mmHg,남,30~34세,923379,92.7,105.3,112.6,115.9,119.1,122.5,126,129.5,134,138.6,144.3,110~180 10 단위 · 끝 구간 80·210 가정
수축기혈압,mmHg,여,30~34세,717463,83.7,87.4,94.7,102.1,109.4,112.7,115.6,118.4,122.9,129.1,135.5,110~180 10 단위 · 끝 구간 80·210 가정
수축기혈압,mmHg,남,35~39세,771723,94.8,109.5,113.4,117,120.5,124,127.4,131.1,135.3,139.5,147,110~180 10 단위 · 끝 구간 80·210 가정
수축기혈압,mmHg,여,35~39세,529248,84.1,88.2,96.4,104.5,111,113.9,116.9,119.8,125.2,131.9,137.8,110~180 10 단위 · 끝 구간 80·210 가정
수축기혈압,mmHg,남,40~44세,1102936,94.9,109.7,113.7,117.4,121,124.5,128,131.7,135.9,140.1,148,110~180 10 단위 · 끝 구간 80·210 가정
수축기혈압,mmHg,여,40~44세,895953,84.7,89.3,98.7,108,112.4,115.4,118.5,122.5,127.5,134.7,139.4,110~180 10 단위 · 끝 구간 80·210 가정
수축기혈압,mmHg,남,45~49세,894051,95,110,113.8,117.6,121.3,124.8,128.4,132.2,136.2,141.1,148.5,110~180 10 단위 · 끝 구간 80·210 가정
수축기혈압,mmHg,여,45~49세,714569,85.7,91.4,102.8,111.2,114.4,117.6,121.1,125.6,130.1,137.3,143.2,110~180 10 단위 · 끝 구간 80·210 가정
수축기혈압,mmHg,남,50~54세,1122468,94.7,109.3,113.9,117.8,121.6,125.2,128.8,132.6,136.7,142.3,149.1,110~180 10 단위 · 끝 구간 80·210 가정
수축기혈압,mmHg,여,50~54세,1050795,86.8,93.6,107.2,112.7,116.2,119.6,123.7,127.9,133,138.9,146.3,110~180 10 단위 · 끝 구간 80·210 가정
수축기혈압,mmHg,남,55~59세,882160,95.7,110.2,114.4,118.5,122.4,126.1,129.7,133.6,137.4,143.9,150,110~180 10 단위 · 끝 구간 80·210 가정
수축기혈압,mmHg,여,55~59세,869907,88.3,96.6,110.7,114.4,118.1,121.9,125.9,129.9,134.8,139.9,147.8,110~180 10 단위 · 끝 구간 80·210 가정
수축기혈압,mmHg,남,60~64세,951165,96.8,110.5,115.1,119.7,123.5,127.3,131,134.7,138.3,145.7,152.1,110~180 10 단위 · 끝 구간 80·210 가정
수축기혈압,mmHg,여,60~64세,1023398,90.7,101.4,112.5,116.6,120.7,124.6,128.5,132.7,137,143.7,149.9,110~180 10 단위 · 끝 구간 80·210 가정
수축기혈압,mmHg,남,65~69세,626967,99,111.1,116.2,120.9,124.8,128.6,132.2,135.8,139.3,147.2,154,110~180 10 단위 · 끝 구간 80·210 가정
수축기혈압,mmHg,여,65~69세,657703,94.4,108.8,114.6,119.5,123.5,127.4,131.3,135.1,139,147,154,110~180 10 단위 · 끝 구간 80·210 가정
수축기혈압,mmHg,남,70~74세,515604,101,111.6,117.3,122.1,126.1,130.1,133.6,137.1,141.4,149.1,156.3,110~180 10 단위 · 끝 구간 80·210 가정
수축기혈압,mmHg,여,70~74세,568382,100.1,111.5,117.3,122.2,126.3,130.4,134,137.6,142.4,149.8,157.2,110~180 10 단위 · 끝 구간 80·210 가정
수축기혈압,mmHg,남,75~79세,228820,103.8,112.4,118.7,123.4,127.6,131.5,135,138.5,143.9,151.3,158.1,110~180 10 단위 · 끝 구간 80·210 가정
수축기혈압,mmHg,여,75~79세,246773,107.2,113.1,120.1,124.5,129,132.7,136.2,139.7,145.7,153.6,159.5,110~180 10 단위 · 끝 구간 80·210 가정
수축기혈압,mmHg,남,80~84세,164378,104.2,112.6,119.4,124.1,128.6,132.5,136.1,139.8,145.9,154,159.9,110~180 10 단위 · 끝 구간 80·210 가정
수축기혈압,mmHg,여,80~84세,192497,110.1,114,121.1,125.8,130.4,134,137.7,142.1,147.9,156.4,163.4,110~180 10 단위 · 끝 구간 80·210 가정
수축기혈압,mmHg,남,85세이상,44513,101.2,111.9,118.4,123.5,128.1,132.3,136.2,140.2,146.6,155.4,162.5,110~180 10 단위 · 끝 구간 80·210 가정
수축기혈압,mmHg,여,85세이상,63266,99.8,111.6,118.4,123.4,127.9,132.3,136.4,141,147.4,156.6,164.5,110~180 10 단위 · 끝 구간 80·210 가정
이완기혈압,mmHg,남,19세이하,5725,43.7,47.5,55,62.5,70,72.4,74.9,77.4,79.8,85.3,88.1,70~120 10 단위 · 끝 구간 40·140 가정
이완기혈압,mmHg,여,19세이하,2930,42.7,45.3,50.6,55.9,61.2,66.5,71.1,74.1,77.2,80.8,85.9,70~120 10 단위 · 끝 구간 40·140 가정
이완기혈압,mmHg,남,20~24세,232358,44.2,48.3,56.6,65,71,73.4,75.8,78.2,81.4,86.4,89,70~120 10 단위 · 끝 구간 40·140 가정
이완기혈압,mmHg,여,20~24세,312359,42.7,45.4,50.8,56.2,61.6,67,71.3,74.3,77.4,81.3,86.3,70~120 10 단위 · 끝 구간 40·140 가정
이완기혈압,mmHg,남,25~29세,626997,45.1,50.2,60.4,70.1,72.5,74.9,77.3,79.7,83.6,87.7,89.8,70~120 10 단위 · 끝 구간 40·140 가정
이완기혈압,mmHg,여,25~29세,578414,42.9,45.7,51.4,57.2,62.9,68.6,72.2,75.1,78,82.9,87.2,70~120 10 단위 · 끝 구간 40·140 가정
이완기혈압,mmHg,남,30~34세,923379,46.2,52.4,64.8,71.4,73.9,76.4,78.9,81.9,85.4,89,94.1,70~120 10 단위 · 끝 구간 40·140 가정
이완기혈압,mmHg,여,30~34세,717463,43,46,51.9,57.9,63.9,69.9,72.9,75.8,78.7,84.4,88.2,70~120 10 단위 · 끝 구간 40·140 가정
이완기혈압,mmHg,남,35~39세,771723,48.1,56.2,70.4,73,75.6,78.2,80.9,84,87,90.2,97.3,70~120 10 단위 · 끝 구간 40·140 가정
이완기혈압,mmHg,여,35~39세,529248,43.3,46.6,53.2,59.8,66.4,71.3,74.2,77,79.9,86.1,89.4,70~120 10 단위 · 끝 구간 40·140 가정
이완기혈압,mmHg,남,40~44세,1102936,49.7,59.4,71.2,74,76.8,79.5,82.3,85.2,88,93.2,98.6,70~120 10 단위 · 끝 구간 40·140 가정
이완기혈압,mmHg,여,40~44세,895953,43.7,47.4,54.9,62.3,69.7,72.7,75.5,78.2,82,87.4,90.6,70~120 10 단위 · 끝 구간 40·140 가정
이완기혈압,mmHg,남,45~49세,894051,50.6,61.3,71.7,74.5,77.3,80.1,82.8,85.5,88.2,93.6,98.7,70~120 10 단위 · 끝 구간 40·140 가정
이완기혈압,mmHg,여,45~49세,714569,44.3,48.5,57.1,65.6,71.3,74,76.7,79.4,83.7,88.3,92.6,70~120 10 단위 · 끝 구간 40·140 가정
이완기혈압,mmHg,남,50~54세,1122468,50.7,61.3,71.7,74.5,77.3,80.1,82.8,85.5,88.2,93.4,98.3,70~120 10 단위 · 끝 구간 40·140 가정
이완기혈압,mmHg,여,50~54세,1050795,44.8,49.6,59.2,68.8,72.3,75,77.7,80.5,84.6,88.7,93.5,70~120 10 단위 · 끝 구간 40·140 가정
이완기혈압,mmHg,남,55~59세,882160,50.3,60.6,71.5,74.2,77,79.7,82.4,85.1,87.9,92.3,97.5,70~120 10 단위 · 끝 구간 40·140 가정
이완기혈압,mmHg,여,55~59세,869907,45.2,50.3,60.7,70.3,72.8,75.4,78,80.9,84.8,88.7,92.9,70~120 10 단위 · 끝 구간 40·140 가정
이완기혈압,mmHg,남,60~64세,951165,48.7,57.4,70.7,73.4,76,78.6,81.4,84.3,87.2,90.5,96.4,70~120 10 단위 · 끝 구간 40·140 가정
이완기혈압,mmHg,여,60~64세,1023398,45.2,50.5,60.9,70.3,72.9,75.4,78,80.8,84.7,88.6,92.5,70~120 10 단위 · 끝 구간 40·140 가정
이완기혈압,mmHg,남,65~69세,626967,47.2,54.4,68.8,72.3,74.9,77.4,80,83.2,86.3,89.5,94.9,70~120 10 단위 · 끝 구간 40·140 가정
이완기혈압,mmHg,여,65~69세,657703,45.2,50.4,60.8,70.3,72.9,75.4,78,80.8,84.7,88.6,92.4,70~120 10 단위 · 끝 구간 40·140 가정
이완기혈압,mmHg,남,70~74세,515604,45.8,51.6,63.2,71.1,73.6,76.2,78.7,81.8,85.4,89,93.7,70~120 10 단위 · 끝 구간 40·140 가정
이완기혈압,mmHg,여,70~74세,568382,45.1,50.2,60.3,70.1,72.7,75.3,77.9,80.7,84.7,88.6,92.7,70~120 10 단위 · 끝 구간 40·140 가정
이완기혈압,mmHg,남,75~79세,228820,45,50,60,70,72.6,75.2,77.8,80.6,84.6,88.6,92.7,70~120 10 단위 · 끝 구간 40·140 가정
이완기혈압,mmHg,여,75~79세,246773,44.9,49.9,59.7,69.6,72.5,75.2,77.9,80.8,84.7,88.7,93.2,70~120 10 단위 · 끝 구간 40·140 가정
이완기혈압,mmHg,남,80~84세,164378,44.5,49,58,67,71.8,74.5,77.2,80,84.2,88.5,92.6,70~120 10 단위 · 끝 구간 40·140 가정
이완기혈압,mmHg,여,80~84세,192497,45,50,59.9,69.9,72.7,75.5,78.2,81.3,85.2,89.1,94.1,70~120 10 단위 · 끝 구간 40·140 가정
이완기혈압,mmHg,남,85세이상,44513,44.2,48.4,56.7,65.1,71.2,74,76.9,79.7,84,88.4,92.5,70~120 10 단위 · 끝 구간 40·140 가정
이완기혈압,mmHg,여,85세이상,63266,44.8,49.7,59.4,69.1,72.6,75.5,78.4,81.6,85.4,89.2,94.4,70~120 10 단위 · 끝 구간 40·140 가정
공복혈당,mg/dL,남,19세이하,5724,62.4,64.8,69.6,74.4,79.2,84,88.8,93.6,98.3,105.1,108.9,100/110/126/140/160/180/200 · 끝 구간 60·260 가정
공복혈당,mg/dL,여,19세이하,2930,62.3,64.7,69.4,74.1,78.7,83.4,88.1,92.8,97.5,104.1,108.5,100/110/126/140/160/180/200 · 끝 구간 60·260 가정
공복혈당,mg/dL,남,20~24세,232348,62.4,64.8,69.6,74.5,79.3,84.1,88.9,93.7,98.6,105.2,108.9,100/110/126/140/160/180/200 · 끝 구간 60·260 가정
공복혈당,mg/dL,여,20~24세,312349,62.2,64.5,68.9,73.4,77.8,82.3,86.8,91.2,95.7,100.4,106.5,100/110/126/140/160/180/200 · 끝 구간 60·260 가정
공복혈당,mg/dL,남,25~29세,626978,62.6,65.1,70.2,75.3,80.5,85.6,90.7,95.8,101.1,107,110,100/110/126/140/160/180/200 · 끝 구간 60·260 가정
공복혈당,mg/dL,여,25~29세,578395,62.3,64.6,69.1,73.7,78.2,82.8,87.3,91.9,96.4,102.2,107.5,100/110/126/140/160/180/200 · 끝 구간 60·260 가정
공복혈당,mg/dL,남,30~34세,923361,62.8,65.6,71.2,76.7,82.3,87.9,93.5,99.1,104.1,109,118.3,100/110/126/140/160/180/200 · 끝 구간 60·260 가정
공복혈당,mg/dL,여,30~34세,717449,62.3,64.7,69.4,74.1,78.8,83.5,88.2,92.9,97.6,104.4,108.9,100/110/126/140/160/180/200 · 끝 구간 60·260 가정
공복혈당,mg/dL,남,35~39세,771711,63.1,66.3,72.5,78.8,85,91.3,97.5,102.6,106.9,115,124.5,100/110/126/140/160/180/200 · 끝 구간 60·260 가정
공복혈당,mg/dL,여,35~39세,529249,62.5,64.9,69.9,74.8,79.8,84.7,89.6,94.6,99.5,106.7,112.3,100/110/126/140/160/180/200 · 끝 구간 60·260 가정
공복혈당,mg/dL,남,40~44세,1102925,63.5,67,74,80.9,87.9,94.9,101.1,105.1,109.2,121.2,134.5,100/110/126/140/160/180/200 · 끝 구간 60·260 가정
공복혈당,mg/dL,여,40~44세,895937,62.6,65.2,70.4,75.6,80.8,86,91.2,96.4,101.9,108.4,118.2,100/110/126/140/160/180/200 · 끝 구간 60·260 가정
공복혈당,mg/dL,남,45~49세,894046,63.9,67.9,75.7,83.6,91.5,99.4,103.6,107.5,114.1,125.3,144,100/110/126/140/160/180/200 · 끝 구간 60·260 가정
공복혈당,mg/dL,여,45~49세,714569,62.8,65.5,71.1,76.6,82.1,87.7,93.2,98.7,104.4,110.7,122.6,100/110/126/140/160/180/200 · 끝 구간 60·260 가정
공복혈당,mg/dL,남,50~54세,1122445,64.3,68.7,77.3,86,94.7,101.5,105.5,109.4,118.3,131.8,152,100/110/126/140/160/180/200 · 끝 구간 60·260 가정
공복혈당,mg/dL,여,50~54세,1050795,63,66,72,78,84,89.9,95.9,101.6,106.7,116.5,125.6,100/110/126/140/160/180/200 · 끝 구간 60·260 가정
공복혈당,mg/dL,남,55~59세,882154,64.7,69.5,78.9,88.4,97.9,103.1,107.1,112.4,121.3,136.4,156.7,100/110/126/140/160/180/200 · 끝 구간 60·260 가정
공복혈당,mg/dL,여,55~59세,869895,63.4,66.7,73.5,80.2,86.9,93.7,100.3,104.8,109.3,121.5,133.4,100/110/126/140/160/180/200 · 끝 구간 60·260 가정
공복혈당,mg/dL,남,60~64세,951151,64.9,69.8,79.7,89.5,99.3,103.9,108,114.4,122.9,138.5,158.2,100/110/126/140/160/180/200 · 끝 구간 60·260 가정
공복혈당,mg/dL,여,60~64세,1023397,63.6,67.2,74.5,81.7,89,96.2,102.1,106.4,112.1,123.9,137.3,100/110/126/140/160/180/200 · 끝 구간 60·260 가정
공복혈당,mg/dL,남,65~69세,626958,65,70,79.9,89.9,99.8,104.2,108.4,115.3,123.6,139.1,158.1,100/110/126/140/160/180/200 · 끝 구간 60·260 가정
공복혈당,mg/dL,여,65~69세,657684,63.8,67.5,75.1,82.6,90.1,97.6,103,107.3,114.2,125.4,139.5,100/110/126/140/160/180/200 · 끝 구간 60·260 가정
공복혈당,mg/dL,남,70~74세,515595,65,70,79.9,89.9,99.8,104.3,108.6,115.7,124,139.5,157.9,100/110/126/140/160/180/200 · 끝 구간 60·260 가정
공복혈당,mg/dL,여,70~74세,568363,64.1,68.2,76.4,84.6,92.8,100.6,104.9,109.2,118.1,130.8,147.1,100/110/126/140/160/180/200 · 끝 구간 60·260 가정
공복혈당,mg/dL,남,75~79세,228797,64.9,69.9,79.7,89.6,99.4,104.1,108.4,115.2,123.6,138.7,156.7,100/110/126/140/160/180/200 · 끝 구간 60·260 가정
공복혈당,mg/dL,여,75~79세,246766,64.3,68.6,77.2,85.8,94.4,101.5,105.9,110.5,119.9,133.8,151.2,100/110/126/140/160/180/200 · 끝 구간 60·260 가정
공복혈당,mg/dL,남,80~84세,164367,64.9,69.7,79.4,89.2,98.9,103.8,108.2,114.8,123.2,138.4,156.9,100/110/126/140/160/180/200 · 끝 구간 60·260 가정
공복혈당,mg/dL,여,80~84세,192498,64.4,68.9,77.7,86.6,95.4,102.1,106.6,112,121.1,135.8,154,100/110/126/140/160/180/200 · 끝 구간 60·260 가정
공복혈당,mg/dL,남,85세이상,44509,64.6,69.1,78.3,87.4,96.6,102.7,106.9,112.5,121.5,136.3,155,100/110/126/140/160/180/200 · 끝 구간 60·260 가정
공복혈당,mg/dL,여,85세이상,63312,64.3,68.5,77.1,85.6,94.2,101.5,106.2,111.9,121.4,137.3,157.6,100/110/126/140/160/180/200 · 끝 구간 60·260 가정
총콜레스테롤,mg/dL,남,19세이하,0,100,100,100,100,100,100,100,100,100,100,100,140~280 20 단위 · 끝 구간 100·340 가정
총콜레스테롤,mg/dL,여,19세이하,0,100,100,100,100,100,100,100,100,100,100,100,140~280 20 단위 · 끝 구간 100·340 가정
총콜레스테롤,mg/dL,남,20~24세,106555,129.8,144,156,165.4,173.5,181.7,190.3,198.8,211.3,228.5,242.9,140~280 20 단위 · 끝 구간 100·340 가정
총콜레스테롤,mg/dL,여,20~24세,0,100,100,100,100,100,100,100,100,100,100,100,140~280 20 단위 · 끝 구간 100·340 가정
총콜레스테롤,mg/dL,남,25~29세,196547,142.4,151.7,165.4,175.1,184.1,192.4,200.9,211.4,222.9,240,257.2,140~280 20 단위 · 끝 구간 100·340 가정
총콜레스테롤,mg/dL,여,25~29세,0,100,100,100,100,100,100,100,100,100,100,100,140~280 20 단위 · 끝 구간 100·340 가정
총콜레스테롤,mg/dL,남,30~34세,233710,146.9,160.3,172.7,183.6,192.5,201.5,210.9,220.5,233.8,252.6,269.3,140~280 20 단위 · 끝 구간 100·340 가정
총콜레스테롤,mg/dL,여,30~34세,0,100,100,100,100,100,100,100,100,100,100,100,140~280 20 단위 · 끝 구간 100·340 가정
총콜레스테롤,mg/dL,남,35~39세,213469,148.2,162,176.8,187.5,197.2,206.7,216.1,226.9,238.9,258,275.8,140~280 20 단위 · 끝 구간 100·340 가정
총콜레스테롤,mg/dL,여,35~39세,0,100,100,100,100,100,100,100,100,100,100,100,140~280 20 단위 · 끝 구간 100·340 가정
총콜레스테롤,mg/dL,남,40~44세,542025,144,160.2,176.9,188.8,199.7,209.5,219.3,230.8,243.6,263,279.5,140~280 20 단위 · 끝 구간 100·340 가정
총콜레스테롤,mg/dL,여,40~44세,496841,147.1,160.3,172.1,182.7,191.1,199.5,208.6,217.8,230.5,248.5,263.8,140~280 20 단위 · 끝 구간 100·340 가정
총콜레스테롤,mg/dL,남,45~49세,279451,133.9,150.5,169.9,184.1,195.5,206.2,216.6,228.4,241.3,260.8,278.5,140~280 20 단위 · 끝 구간 100·340 가정
총콜레스테롤,mg/dL,여,45~49세,273487,147.2,161.4,175.7,186.6,196.1,205.4,214.7,225.1,237.3,256.3,273.5,140~280 20 단위 · 끝 구간 100·340 가정
총콜레스테롤,mg/dL,남,50~54세,295222,125.6,144.7,164,178.6,190.3,201.6,212.5,224.3,237.7,257.6,275.7,140~280 20 단위 · 끝 구간 100·340 가정
총콜레스테롤,mg/dL,여,50~54세,297464,146.2,161.7,180,191.9,203.1,213.1,223.5,234.8,248.7,268.7,290.7,140~280 20 단위 · 끝 구간 100·340 가정
총콜레스테롤,mg/dL,남,55~59세,287268,119.6,139.3,157.8,171.9,184.5,195.8,207.2,218.7,233.2,253.1,270.5,140~280 20 단위 · 끝 구간 100·340 가정
총콜레스테롤,mg/dL,여,55~59세,316998,140.7,153.9,173.2,187.7,200.4,211.6,223,235.1,249.8,270.4,294.1,140~280 20 단위 · 끝 구간 100·340 가정
총콜레스테롤,mg/dL,남,60~64세,526188,113.8,127.7,148.2,162.3,174.5,186.3,197.7,210.3,224.4,244.3,260.4,140~280 20 단위 · 끝 구간 100·340 가정
총콜레스테롤,mg/dL,여,60~64세,593353,126.2,144.2,161.5,174.8,187.4,199.5,211.8,224.9,239.3,260.2,278.7,140~280 20 단위 · 끝 구간 100·340 가정
총콜레스테롤,mg/dL,남,65~69세,225708,110,120.1,140.1,152.3,164.2,175.7,187.6,199.6,214.6,234.8,252.2,140~280 20 단위 · 끝 구간 100·340 가정
총콜레스테롤,mg/dL,여,65~69세,258935,118.4,136.8,152.5,165.1,176.4,187.9,199.5,213.1,228.9,250.9,269.5,140~280 20 단위 · 끝 구간 100·340 가정
총콜레스테롤,mg/dL,남,70~74세,169745,108.3,116.6,133.3,146.6,157.6,168.7,179.8,192.6,207.3,227.5,244,140~280 20 단위 · 끝 구간 100·340 가정
총콜레스테롤,mg/dL,여,70~74세,195280,114.4,128.9,147.1,158.7,169.1,179.4,191,203.4,218.4,239.8,258.5,140~280 20 단위 · 끝 구간 100·340 가정
총콜레스테롤,mg/dL,남,75~79세,116557,107.5,115.1,130.2,143.7,154.2,164.9,175.9,188.3,202.2,221.6,238.2,140~280 20 단위 · 끝 구간 100·340 가정
총콜레스테롤,mg/dL,여,75~79세,133452,112.4,124.8,144.1,154.8,165.1,175,185.7,197.5,212.9,234.4,253.3,140~280 20 단위 · 끝 구간 100·340 가정
총콜레스테롤,mg/dL,남,80~84세,97950,106.9,113.9,127.8,141.2,151.3,161.5,172.5,184.4,198.2,217.8,235,140~280 20 단위 · 끝 구간 100·340 가정
총콜레스테롤,mg/dL,여,80~84세,116662,110.8,121.5,141.4,151.6,161.6,171.4,181.5,193.7,208.6,230.1,248.4,140~280 20 단위 · 끝 구간 100·340 가정
총콜레스테롤,mg/dL,남,85세이상,16084,106.7,113.4,126.8,140.1,149.8,159.4,170,180.9,194.7,213.7,230.4,140~280 20 단위 · 끝 구간 100·340 가정
총콜레스테롤,mg/dL,여,85세이상,24918,109.2,118.5,136.9,148.4,158.5,168.7,178.8,191.2,205.8,227.2,245.2,140~280 20 단위 · 끝 구간 100·340 가정
HDL,mg/dL,남,19세이하,0,15,15,15,15,15,15,15,15,15,15,15,30~90 10 단위 · 끝 구간 15·120 가정
HDL,mg/dL,여,19세이하,0,15,15,15,15,15,15,15,15,15,15,15,30~90 10 단위 · 끝 구간 15·120 가정
HDL,mg/dL,남,20~24세,106554,35.3,40.3,43.8,47.4,50.8,53.9,57,60.1,65.3,71.3,77.8,30~90 10 단위 · 끝 구간 15·120 가정
HDL,mg/dL,여,20~24세,0,15,15,15,15,15,15,15,15,15,15,15,30~90 10 단위 · 끝 구간 15·120 가정
HDL,mg/dL,남,25~29세,196541,34.7,40,43.5,47,50.5,53.7,56.9,60.3,65.6,72.3,78.6,30~90 10 단위 · 끝 구간 15·120 가정
HDL,mg/dL,여,25~29세,0,15,15,15,15,15,15,15,15,15,15,15,30~90 10 단위 · 끝 구간 15·120 가정
HDL,mg/dL,남,30~34세,233708,34,38.6,42.8,46.1,49.4,52.7,56,59.4,64.7,71.3,78.2,30~90 10 단위 · 끝 구간 15·120 가정
HDL,mg/dL,여,30~34세,0,15,15,15,15,15,15,15,15,15,15,15,30~90 10 단위 · 끝 구간 15·120 가정
HDL,mg/dL,남,35~39세,213470,33.3,37.2,42,45.1,48.1,51.4,54.8,58.2,63.2,69.7,77.2,30~90 10 단위 · 끝 구간 15·120 가정
HDL,mg/dL,여,35~39세,0,15,15,15,15,15,15,15,15,15,15,15,30~90 10 단위 · 끝 구간 15·120 가정
HDL,mg/dL,남,40~44세,542025,33.2,37.1,41.9,44.9,48,51.2,54.7,58.2,63.2,69.9,77.6,30~90 10 단위 · 끝 구간 15·120 가정
HDL,mg/dL,여,40~44세,496841,41.9,46,52.2,56.5,60.7,64.5,68.4,73,78.2,86.5,97,30~90 10 단위 · 끝 구간 15·120 가정
HDL,mg/dL,남,45~49세,279451,33.3,37.3,42,45.1,48.1,51.4,54.9,58.4,63.5,70.2,78,30~90 10 단위 · 끝 구간 15·120 가정
HDL,mg/dL,여,45~49세,273487,41.8,45.8,52.1,56.3,60.5,64.5,68.4,73.2,78.6,87.1,98.7,30~90 10 단위 · 끝 구간 15·120 가정
HDL,mg/dL,남,50~54세,295223,33.4,37.5,42.2,45.3,48.4,51.7,55.1,58.6,63.8,70.6,78.2,30~90 10 단위 · 끝 구간 15·120 가정
HDL,mg/dL,여,50~54세,297464,41.9,46,52.2,56.4,60.6,64.6,68.6,73.5,78.9,87.7,100.4,30~90 10 단위 · 끝 구간 15·120 가정
HDL,mg/dL,남,55~59세,287268,33.4,37.4,42.1,45.2,48.3,51.6,55.1,58.6,63.8,70.6,78.1,30~90 10 단위 · 끝 구간 15·120 가정
HDL,mg/dL,여,55~59세,316998,41.1,44.5,50.8,54.7,58.5,62.5,66.5,70.7,76.7,85.2,94.3,30~90 10 단위 · 끝 구간 15·120 가정
HDL,mg/dL,남,60~64세,526185,33.2,37.1,42,45.2,48.4,51.8,55.3,58.8,64.2,71.1,78.4,30~90 10 단위 · 끝 구간 15·120 가정
HDL,mg/dL,여,60~64세,593352,40.4,43.3,49.2,53.1,56.7,60.4,64.5,68.6,74.4,82.2,89.2,30~90 10 단위 · 끝 구간 15·120 가정
HDL,mg/dL,남,65~69세,225707,32.7,36.3,41.6,44.8,48,51.3,55,58.6,63.9,70.7,78.2,30~90 10 단위 · 끝 구간 15·120 가정
HDL,mg/dL,여,65~69세,258934,39.4,42.5,47.7,52,55.5,59,63,67.2,72.4,79.7,87.5,30~90 10 단위 · 끝 구간 15·120 가정
HDL,mg/dL,남,70~74세,169745,32.4,35.8,41.2,44.4,47.6,50.9,54.6,58.2,63.4,70,77.9,30~90 10 단위 · 끝 구간 15·120 가정
HDL,mg/dL,여,70~74세,195279,37.7,41.8,46.6,51,54.4,57.8,61.6,66,70.7,78.6,86.1,30~90 10 단위 · 끝 구간 15·120 가정
HDL,mg/dL,남,75~79세,116557,32,35.2,40.8,44,47.2,50.5,54.2,58,63.1,69.8,77.7,30~90 10 단위 · 끝 구간 15·120 가정
HDL,mg/dL,여,75~79세,133452,36.2,41,45.5,50,53.5,56.9,60.5,65,69.6,77.8,84.9,30~90 10 단위 · 끝 구간 15·120 가정
HDL,mg/dL,남,80~84세,97950,31.6,34.6,40.2,43.5,46.7,49.9,53.8,57.6,62.7,69.6,77.3,30~90 10 단위 · 끝 구간 15·120 가정
HDL,mg/dL,여,80~84세,116662,34.4,40,44.1,48.2,51.9,55.4,58.8,63.2,68.1,76.1,82.8,30~90 10 단위 · 끝 구간 15·120 가정
HDL,mg/dL,남,85세이상,16083,31,33.7,39.3,42.8,46.1,49.3,53.2,57.2,62.3,69.4,76.8,30~90 10 단위 · 끝 구간 15·120 가정
HDL,mg/dL,여,85세이상,24918,31.5,34.8,40.8,44.4,48.1,51.8,55.6,59.4,65.1,72.4,78.9,30~90 10 단위 · 끝 구간 15·120 가정
중성지방,mg/dL,남,19세이하,0,20,20,20,20,20,20,20,20,20,20,20,50/100/150/200/300/400/500 · 끝 구간 20·800 가정
중성지방,mg/dL,여,19세이하,0,20,20,20,20,20,20,20,20,20,20,20,50/100/150/200/300/400/500 · 끝 구간 20·800 가정
중성지방,mg/dL,남,20~24세,106554,32.8,45.7,58.8,69.3,79.9,90.4,101.9,123.5,145.1,191.8,257.8,50/100/150/200/300/400/500 · 끝 구간 20·800 가정
중성지방,mg/dL,여,20~24세,0,20,20,20,20,20,20,20,20,20,20,20,50/100/150/200/300/400/500 · 끝 구간 20·800 가정
중성지방,mg/dL,남,25~29세,196542,37.3,51.6,63.3,75.1,86.9,98.6,117.7,137.8,167.2,230.6,290.9,50/100/150/200/300/400/500 · 끝 구간 20·800 가정
중성지방,mg/dL,여,25~29세,0,20,20,20,20,20,20,20,20,20,20,20,50/100/150/200/300/400/500 · 끝 구간 20·800 가정
중성지방,mg/dL,남,30~34세,233705,43.4,54.9,68.4,81.9,95.5,112.9,132.2,152.8,189.3,265.3,337,50/100/150/200/300/400/500 · 끝 구간 20·800 가정
중성지방,mg/dL,여,30~34세,0,20,20,20,20,20,20,20,20,20,20,20,50/100/150/200/300/400/500 · 끝 구간 20·800 가정
중성지방,mg/dL,남,35~39세,213470,50.6,58.5,74.3,90.1,107,125.8,144.7,173.2,212.9,287.8,374.8,50/100/150/200/300/400/500 · 끝 구간 20·800 가정
중성지방,mg/dL,여,35~39세,0,20,20,20,20,20,20,20,20,20,20,20,50/100/150/200/300/400/500 · 끝 구간 20·800 가정
중성지방,mg/dL,남,40~44세,542025,52.6,61.8,80.2,98.7,117.3,135.9,157.1,186.3,234.2,298.4,389.7,50/100/150/200/300/400/500 · 끝 구간 20·800 가정
중성지방,mg/dL,여,40~44세,496841,31.7,43.4,56.7,66.1,75.5,84.9,94.2,109.2,133.2,170.8,218.7,50/100/150/200/300/400/500 · 끝 구간 20·800 가정
중성지방,mg/dL,남,45~49세,279450,53.9,63.6,83.1,102.4,120.6,138.9,161,188.8,236.8,298.6,386.9,50/100/150/200/300/400/500 · 끝 구간 20·800 가정
중성지방,mg/dL,여,45~49세,273487,34.3,48.7,59.4,69.3,79.2,89.1,99.1,119.2,140.5,181.8,236.5,50/100/150/200/300/400/500 · 끝 구간 20·800 가정
중성지방,mg/dL,남,50~54세,295219,53.2,62.4,81,99.5,117.2,134.9,154.1,182.3,224.2,289.8,370.7,50/100/150/200/300/400/500 · 끝 구간 20·800 가정
중성지방,mg/dL,여,50~54세,297463,36,50.6,61.1,71.6,82.1,92.6,105.8,125.5,145.1,188.2,246.6,50/100/150/200/300/400/500 · 끝 구간 20·800 가정
중성지방,mg/dL,남,55~59세,287267,52.3,60.7,77.7,94.6,111.8,129.2,146.6,173.5,206.8,279.1,350.5,50/100/150/200/300/400/500 · 끝 구간 20·800 가정
중성지방,mg/dL,여,55~59세,316998,37.7,51.7,62.8,73.8,84.9,96,111.7,130.2,148.7,192.4,252.9,50/100/150/200/300/400/500 · 끝 구간 20·800 가정
중성지방,mg/dL,남,60~64세,526186,50.4,57.8,72.6,87.3,102.4,119.4,136.4,156.2,188.1,255.2,299.3,50/100/150/200/300/400/500 · 끝 구간 20·800 가정
중성지방,mg/dL,여,60~64세,593351,39.7,52.7,64,75.3,86.5,97.8,114.2,131.8,149.5,192.2,250.4,50/100/150/200/300/400/500 · 끝 구간 20·800 가정
중성지방,mg/dL,남,65~69세,225707,46.4,55.7,68.8,81.9,95,110.4,127.2,143.9,172.4,223.9,279.4,50/100/150/200/300/400/500 · 끝 구간 20·800 가정
중성지방,mg/dL,여,65~69세,258934,43,54,65.4,76.9,88.3,99.8,116.4,133,149.7,191.1,245.9,50/100/150/200/300/400/500 · 끝 구간 20·800 가정
중성지방,mg/dL,남,70~74세,169745,45.2,55,67.3,79.6,91.9,105.7,122.3,139,162.8,201,265.2,50/100/150/200/300/400/500 · 끝 구간 20·800 가정
중성지방,mg/dL,여,70~74세,195279,46.6,55.1,66.9,78.6,90.4,102.9,118.8,134.7,151.7,191.5,244.9,50/100/150/200/300/400/500 · 끝 구간 20·800 가정
중성지방,mg/dL,남,75~79세,116557,44.7,54.6,66.3,77.9,89.6,101.8,118.3,134.8,153.4,193.8,251.9,50/100/150/200/300/400/500 · 끝 구간 20·800 가정
중성지방,mg/dL,여,75~79세,133452,50.3,56.2,68.1,80,91.8,104.8,120.3,135.9,153.4,192,245.4,50/100/150/200/300/400/500 · 끝 구간 20·800 가정
중성지방,mg/dL,남,80~84세,97950,46.2,54.8,65.9,77,88.1,99.2,115.5,132.1,148.7,188.9,239.7,50/100/150/200/300/400/500 · 끝 구간 20·800 가정
중성지방,mg/dL,여,80~84세,116661,52.1,58.4,71,83.7,96.3,110.3,124.9,139.4,159.7,195.2,252,50/100/150/200/300/400/500 · 끝 구간 20·800 가정
중성지방,mg/dL,남,85세이상,16083,48.8,55.1,65.7,76.4,87,97.6,112.6,128.8,145.1,181.7,220,50/100/150/200/300/400/500 · 끝 구간 20·800 가정
중성지방,mg/dL,여,85세이상,24917,53.6,60.3,73.8,87.2,100.7,114.5,128.2,142,163.7,196.7,254.6,50/100/150/200/300/400/500 · 끝 구간 20·800 가정
LDL,mg/dL,남,19세이하,0,30,30,30,30,30,30,30,30,30,30,30,70/100/130/160/190 · 끝 구간 30·250 가정
LDL,mg/dL,여,19세이하,0,30,30,30,30,30,30,30,30,30,30,30,70/100/130/160/190 · 끝 구간 30·250 가정
LDL,mg/dL,남,20~24세,105453,56.3,72.1,81,89.9,98.8,107,115.1,123.1,132.7,151,160.5,70/100/130/160/190 · 끝 구간 30·250 가정
LDL,mg/dL,여,20~24세,0,30,30,30,30,30,30,30,30,30,30,30,70/100/130/160/190 · 끝 구간 30·250 가정
LDL,mg/dL,남,25~29세,192693,69.8,75.8,87.4,99.1,107.2,115,122.8,131,144.6,158.1,175.9,70/100/130/160/190 · 끝 구간 30·250 가정
LDL,mg/dL,여,25~29세,0,30,30,30,30,30,30,30,30,30,30,30,70/100/130/160/190 · 끝 구간 30·250 가정
LDL,mg/dL,남,30~34세,226640,71.8,79.4,94.6,105.3,113.5,121.6,129.8,140.9,152.1,168.9,183.8,70/100/130/160/190 · 끝 구간 30·250 가정
LDL,mg/dL,여,30~34세,0,30,30,30,30,30,30,30,30,30,30,30,70/100/130/160/190 · 끝 구간 30·250 가정
LDL,mg/dL,남,35~39세,204818,71.8,80.6,98.1,107.8,116.5,125.1,134.6,145.1,155.6,174.5,187,70/100/130/160/190 · 끝 구간 30·250 가정
LDL,mg/dL,여,35~39세,0,30,30,30,30,30,30,30,30,30,30,30,70/100/130/160/190 · 끝 구간 30·250 가정
LDL,mg/dL,남,40~44세,516688,62.7,76.9,94.7,106.8,116.4,126,136.2,146.9,157.5,177.6,189.1,70/100/130/160/190 · 끝 구간 30·250 가정
LDL,mg/dL,여,40~44세,493195,68.7,75.8,88,100,107.9,115.7,123.5,132.3,145.6,158.9,177.3,70/100/130/160/190 · 끝 구간 30·250 가정
LDL,mg/dL,남,45~49세,266916,51,70.7,86.4,101.4,111.5,121.7,132.1,143.7,155.3,175.2,187.8,70/100/130/160/190 · 끝 구간 30·250 가정
LDL,mg/dL,여,45~49세,271179,66.7,76.4,90.4,102.7,111,119.4,127.8,138.8,150.7,167.3,183.2,70/100/130/160/190 · 끝 구간 30·250 가정
LDL,mg/dL,남,50~54세,284159,46.6,63.1,81.3,95.6,107.2,117.7,128.1,140.3,152.9,172.3,186.3,70/100/130/160/190 · 끝 구간 30·250 가정
LDL,mg/dL,여,50~54세,294754,63.7,76.9,93.8,106.1,115.8,125.5,135.9,146.9,157.9,179,193,70/100/130/160/190 · 끝 구간 30·250 가정
LDL,mg/dL,남,55~59세,278397,43.7,57.5,77.2,90.3,102.8,113.4,124,135.9,149.6,167.6,183.6,70/100/130/160/190 · 끝 구간 30·250 가정
LDL,mg/dL,여,55~59세,313962,54.4,72.9,88.8,103.3,114.3,125.3,136.6,148.2,159.8,181.3,200,70/100/130/160/190 · 끝 구간 30·250 가정
LDL,mg/dL,남,60~64세,515636,40.6,51.2,71.4,83,94.7,106,117.1,128.2,143.3,159.2,178.4,70/100/130/160/190 · 끝 구간 30·250 가정
LDL,mg/dL,여,60~64세,588682,46.1,62.3,79.3,91.5,103.5,115,126.4,139.6,153.5,174.7,188.5,70/100/130/160/190 · 끝 구간 30·250 가정
LDL,mg/dL,남,65~69세,223073,38.4,46.7,63.5,76.5,87.1,97.7,109.2,121,134.5,153.9,170.1,70/100/130/160/190 · 끝 구간 30·250 가정
LDL,mg/dL,여,65~69세,257391,41.9,53.8,73.3,83.4,93.6,104.4,116.2,128,144.2,163,182.2,70/100/130/160/190 · 끝 구간 30·250 가정
LDL,mg/dL,남,70~74세,168438,37.3,44.5,59,72.4,82.4,92.5,103,115.4,127.7,148.8,160.7,70/100/130/160/190 · 끝 구간 30·250 가정
LDL,mg/dL,여,70~74세,194298,39.6,49.1,68.3,78.3,87.5,96.7,107.9,120.1,134.2,155.1,173.9,70/100/130/160/190 · 끝 구간 30·250 가정
LDL,mg/dL,남,75~79세,115883,36.8,43.7,57.3,70.7,80.3,89.9,99.6,112.2,125,145.2,157.8,70/100/130/160/190 · 끝 구간 30·250 가정
LDL,mg/dL,여,75~79세,132825,38.6,47.1,64.2,75.8,84.5,93.2,102.8,115.5,128.2,150.5,166.8,70/100/130/160/190 · 끝 구간 30·250 가정
LDL,mg/dL,남,80~84세,97519,36.5,43,56,68.9,78.6,88,97.4,109.4,122.4,141.7,155.7,70/100/130/160/190 · 끝 구간 30·250 가정
LDL,mg/dL,여,80~84세,116075,37.7,45.4,60.7,73.4,82.1,90.7,99.3,112.2,125.4,147,160.3,70/100/130/160/190 · 끝 구간 30·250 가정
LDL,mg/dL,남,85세이상,16041,36.5,43.1,56.1,69.2,78.4,87.3,96.2,107.2,119.9,136.6,152.7,70/100/130/160/190 · 끝 구간 30·250 가정
LDL,mg/dL,여,85세이상,24772,37.6,45.2,60.3,73.2,82.1,91,99.9,112.5,125.1,146,159.1,70/100/130/160/190 · 끝 구간 30·250 가정
크레아티닌,mg/dL,남,19세이하,5724,0.6,0.6,0.7,0.8,0.9,1,1,1,1.1,1.2,1.2,0.9~2.1 0.2 단위 · 끝 구간 0.5·3.0 가정
크레아티닌,mg/dL,여,19세이하,2930,0.5,0.5,0.6,0.6,0.7,0.7,0.8,0.8,0.9,0.9,1,0.9~2.1 0.2 단위 · 끝 구간 0.5·3.0 가정
크레아티닌,mg/dL,남,20~24세,232355,0.6,0.6,0.8,0.9,1,1,1,1.1,1.1,1.2,1.3,0.9~2.1 0.2 단위 · 끝 구간 0.5·3.0 가정
크레아티닌,mg/dL,여,20~24세,312349,0.5,0.5,0.6,0.6,0.7,0.7,0.8,0.8,0.9,0.9,1,0.9~2.1 0.2 단위 · 끝 구간 0.5·3.0 가정
크레아티닌,mg/dL,남,25~29세,626988,0.6,0.7,0.8,0.9,1,1,1,1.1,1.1,1.2,1.3,0.9~2.1 0.2 단위 · 끝 구간 0.5·3.0 가정
크레아티닌,mg/dL,여,25~29세,578395,0.5,0.5,0.6,0.6,0.7,0.7,0.8,0.8,0.9,0.9,1,0.9~2.1 0.2 단위 · 끝 구간 0.5·3.0 가정
크레아티닌,mg/dL,남,30~34세,923376,0.6,0.7,0.8,0.9,1,1,1,1.1,1.1,1.2,1.3,0.9~2.1 0.2 단위 · 끝 구간 0.5·3.0 가정
크레아티닌,mg/dL,여,30~34세,717448,0.5,0.5,0.6,0.6,0.7,0.7,0.8,0.8,0.9,0.9,1,0.9~2.1 0.2 단위 · 끝 구간 0.5·3.0 가정
크레아티닌,mg/dL,남,35~39세,771716,0.6,0.7,0.8,0.9,1,1,1,1.1,1.1,1.2,1.3,0.9~2.1 0.2 단위 · 끝 구간 0.5·3.0 가정
크레아티닌,mg/dL,여,35~39세,529248,0.5,0.5,0.6,0.6,0.7,0.7,0.8,0.8,0.9,0.9,1,0.9~2.1 0.2 단위 · 끝 구간 0.5·3.0 가정
크레아티닌,mg/dL,남,40~44세,1102956,0.6,0.6,0.8,0.9,1,1,1,1.1,1.1,1.2,1.3,0.9~2.1 0.2 단위 · 끝 구간 0.5·3.0 가정
크레아티닌,mg/dL,여,40~44세,895945,0.5,0.5,0.6,0.6,0.7,0.7,0.8,0.8,0.9,0.9,1,0.9~2.1 0.2 단위 · 끝 구간 0.5·3.0 가정
크레아티닌,mg/dL,남,45~49세,894068,0.6,0.6,0.8,0.9,0.9,1,1,1.1,1.1,1.2,1.3,0.9~2.1 0.2 단위 · 끝 구간 0.5·3.0 가정
크레아티닌,mg/dL,여,45~49세,714571,0.5,0.5,0.6,0.6,0.7,0.7,0.8,0.8,0.9,0.9,1,0.9~2.1 0.2 단위 · 끝 구간 0.5·3.0 가정
크레아티닌,mg/dL,남,50~54세,1122458,0.6,0.6,0.8,0.9,0.9,1,1,1.1,1.1,1.2,1.3,0.9~2.1 0.2 단위 · 끝 구간 0.5·3.0 가정
크레아티닌,mg/dL,여,50~54세,1050798,0.5,0.5,0.6,0.6,0.7,0.7,0.8,0.8,0.9,1,1,0.9~2.1 0.2 단위 · 끝 구간 0.5·3.0 가정
크레아티닌,mg/dL,남,55~59세,882179,0.6,0.6,0.8,0.9,0.9,1,1,1.1,1.1,1.2,1.3,0.9~2.1 0.2 단위 · 끝 구간 0.5·3.0 가정
크레아티닌,mg/dL,여,55~59세,869894,0.5,0.5,0.6,0.6,0.7,0.7,0.8,0.8,0.9,1,1,0.9~2.1 0.2 단위 · 끝 구간 0.5·3.0 가정
크레아티닌,mg/dL,남,60~64세,951175,0.6,0.6,0.8,0.9,0.9,1,1,1.1,1.1,1.3,1.3,0.9~2.1 0.2 단위 · 끝 구간 0.5·3.0 가정
크레아티닌,mg/dL,여,60~64세,1023401,0.5,0.5,0.6,0.6,0.7,0.7,0.8,0.8,0.9,1,1.1,0.9~2.1 0.2 단위 · 끝 구간 0.5·3.0 가정
크레아티닌,mg/dL,남,65~69세,626975,0.6,0.6,0.8,0.9,0.9,1,1,1.1,1.2,1.3,1.4,0.9~2.1 0.2 단위 · 끝 구간 0.5·3.0 가정
크레아티닌,mg/dL,여,65~69세,657686,0.5,0.5,0.6,0.6,0.7,0.7,0.8,0.8,0.9,1,1.1,0.9~2.1 0.2 단위 · 끝 구간 0.5·3.0 가정
크레아티닌,mg/dL,남,70~74세,515608,0.6,0.6,0.8,0.9,1,1,1.1,1.1,1.2,1.3,1.5,0.9~2.1 0.2 단위 · 끝 구간 0.5·3.0 가정
크레아티닌,mg/dL,여,70~74세,568367,0.5,0.6,0.6,0.7,0.7,0.8,0.8,0.9,0.9,1,1.1,0.9~2.1 0.2 단위 · 끝 구간 0.5·3.0 가정
크레아티닌,mg/dL,남,75~79세,228800,0.6,0.6,0.8,0.9,1,1,1.1,1.1,1.2,1.4,1.5,0.9~2.1 0.2 단위 · 끝 구간 0.5·3.0 가정
크레아티닌,mg/dL,여,75~79세,246765,0.5,0.6,0.6,0.7,0.7,0.8,0.8,0.9,1,1.1,1.2,0.9~2.1 0.2 단위 · 끝 구간 0.5·3.0 가정
크레아티닌,mg/dL,남,80~84세,164369,0.6,0.7,0.8,0.9,1,1,1.1,1.2,1.3,1.5,1.7,0.9~2.1 0.2 단위 · 끝 구간 0.5·3.0 가정
크레아티닌,mg/dL,여,80~84세,192498,0.5,0.6,0.6,0.7,0.7,0.8,0.9,0.9,1,1.2,1.3,0.9~2.1 0.2 단위 · 끝 구간 0.5·3.0 가정
크레아티닌,mg/dL,남,85세이상,44509,0.6,0.7,0.9,1,1,1.1,1.2,1.3,1.4,1.6,1.8,0.9~2.1 0.2 단위 · 끝 구간 0.5·3.0 가정
크레아티닌,mg/dL,여,85세이상,63312,0.5,0.6,0.6,0.7,0.8,0.8,0.9,1,1.1,1.3,1.5,0.9~2.1 0.2 단위 · 끝 구간 0.5·3.0 가정
eGFR,mL/min/1.73㎡,남,19세이하,5720,86.3,93.9,103.5,109.4,115.3,121.2,127.1,132.9,138.8,144.7,147.7,30/40/50/60/80/100/150 · 끝 구간 10·200 가정
eGFR,mL/min/1.73㎡,여,19세이하,2930,87.6,95.8,104.3,110.2,116,121.9,127.7,133.5,139.4,145.2,148.2,30/40/50/60/80/100/150 · 끝 구간 10·200 가정
eGFR,mL/min/1.73㎡,남,20~24세,232174,82,86.7,96.1,103.9,110.5,117.1,123.7,130.4,137,143.6,146.9,30/40/50/60/80/100/150 · 끝 구간 10·200 가정
eGFR,mL/min/1.73㎡,여,20~24세,312179,86.3,96,104.5,110.2,116,121.7,127.4,133.1,138.8,144.6,147.4,30/40/50/60/80/100/150 · 끝 구간 10·200 가정
eGFR,mL/min/1.73㎡,남,25~29세,626686,81.5,85.9,94.6,102.6,109.4,116.1,122.9,129.7,136.5,143.3,146.7,30/40/50/60/80/100/150 · 끝 구간 10·200 가정
eGFR,mL/min/1.73㎡,여,25~29세,578076,83.5,91.9,103.1,109,114.8,120.7,126.6,132.5,138.4,144.3,147.2,30/40/50/60/80/100/150 · 끝 구간 10·200 가정
eGFR,mL/min/1.73㎡,남,30~34세,923029,73.6,81.6,87.2,92.9,98.6,106.5,115.2,123.9,132.6,141.3,145.7,30/40/50/60/80/100/150 · 끝 구간 10·200 가정
eGFR,mL/min/1.73㎡,여,30~34세,717065,81.3,85,92.4,99.9,107,114.2,121.4,128.6,135.8,143,146.6,30/40/50/60/80/100/150 · 끝 구간 10·200 가정
eGFR,mL/min/1.73㎡,남,35~39세,771450,69.9,80.1,85.4,90.7,96,102.4,111.9,121.5,131,140.5,145.3,30/40/50/60/80/100/150 · 끝 구간 10·200 가정
eGFR,mL/min/1.73㎡,여,35~39세,528955,81.2,85,92.4,99.9,107.1,114.2,121.4,128.6,135.7,142.9,146.5,30/40/50/60/80/100/150 · 끝 구간 10·200 가정
eGFR,mL/min/1.73㎡,남,40~44세,1102541,68.7,78.4,84.9,90.1,95.4,101.3,111,120.8,130.5,140.3,145.2,30/40/50/60/80/100/150 · 끝 구간 10·200 가정
eGFR,mL/min/1.73㎡,여,40~44세,895590,70.5,80.6,89.4,98.3,105.9,113.3,120.6,128,135.3,142.7,146.4,30/40/50/60/80/100/150 · 끝 구간 10·200 가정
eGFR,mL/min/1.73㎡,남,45~49세,893722,64.6,70.7,81.4,87.4,93.4,99.4,109.1,119.4,129.6,139.8,144.9,30/40/50/60/80/100/150 · 끝 구간 10·200 가정
eGFR,mL/min/1.73㎡,여,45~49세,714229,67.7,76.5,87.5,96.9,105,112.5,120,127.5,135,142.5,146.3,30/40/50/60/80/100/150 · 끝 구간 10·200 가정
eGFR,mL/min/1.73㎡,남,50~54세,1121961,62.9,67.4,76.2,82.5,86.7,91,95.2,99.5,115.3,132.7,141.4,30/40/50/60/80/100/150 · 끝 구간 10·200 가정
eGFR,mL/min/1.73㎡,여,50~54세,1050236,66,73.8,83.2,88.4,93.6,98.9,108.2,118.6,129.1,139.6,144.8,30/40/50/60/80/100/150 · 끝 구간 10·200 가정
eGFR,mL/min/1.73㎡,남,55~59세,881718,62.4,67,76.1,81.9,85.2,88.6,91.9,95.2,98.5,118,134.1,30/40/50/60/80/100/150 · 끝 구간 10·200 가정
eGFR,mL/min/1.73㎡,여,55~59세,869360,65.4,72.9,82.2,86.3,90.3,94.4,98.5,108.8,122.5,136.3,143.2,30/40/50/60/80/100/150 · 끝 구간 10·200 가정
eGFR,mL/min/1.73㎡,남,60~64세,950550,59.2,63.5,71.1,78.6,82.8,86.3,89.7,93.2,96.6,101.1,125.7,30/40/50/60/80/100/150 · 끝 구간 10·200 가정
eGFR,mL/min/1.73㎡,여,60~64세,1022686,61.7,65.5,73,80.3,83.7,87.2,90.6,94,97.5,110.6,130.4,30/40/50/60/80/100/150 · 끝 구간 10·200 가정
eGFR,mL/min/1.73㎡,남,65~69세,626443,55.6,61.5,66.7,71.9,77.2,81.8,85.7,89.6,93.6,97.5,99.4,30/40/50/60/80/100/150 · 끝 구간 10·200 가정
eGFR,mL/min/1.73㎡,여,65~69세,657157,57.4,62.5,69.2,75.9,81.4,85,88.6,92.2,95.8,99.4,119.8,30/40/50/60/80/100/150 · 끝 구간 10·200 가정
eGFR,mL/min/1.73㎡,남,70~74세,515193,50.1,57.1,64.3,69.6,75,80.3,84.4,88.6,92.8,96.9,99,30/40/50/60/80/100/150 · 끝 구간 10·200 가정
eGFR,mL/min/1.73㎡,여,70~74세,567976,53.3,60.5,66.8,73.2,79.5,83.2,86.8,90.3,93.8,97.3,99,30/40/50/60/80/100/150 · 끝 구간 10·200 가정
eGFR,mL/min/1.73㎡,남,75~79세,228626,43.8,51.3,59,65.3,71.5,77.7,82.7,87.1,91.5,95.9,98.1,30/40/50/60/80/100/150 · 끝 구간 10·200 가정
eGFR,mL/min/1.73㎡,여,75~79세,246595,45.5,54.4,63.8,69.9,76,81.4,85.2,89.1,93,96.9,98.8,30/40/50/60/80/100/150 · 끝 구간 10·200 가정
eGFR,mL/min/1.73㎡,남,80~84세,164212,38.9,46.7,55.1,61.2,66,70.8,75.6,80.6,87.2,93.8,97.1,30/40/50/60/80/100/150 · 끝 구간 10·200 가정
eGFR,mL/min/1.73㎡,여,80~84세,192335,40.5,47.5,55.1,61.3,67.9,74.6,80.9,85.7,90.5,95.4,97.8,30/40/50/60/80/100/150 · 끝 구간 10·200 가정
eGFR,mL/min/1.73㎡,남,85세이상,44464,32.9,40.5,47.4,53.8,59.9,64.4,68.9,73.4,77.9,87,93.7,30/40/50/60/80/100/150 · 끝 구간 10·200 가정
eGFR,mL/min/1.73㎡,여,85세이상,63258,32.9,40.5,49.1,54.1,58.8,63.9,69.1,74.3,79.5,89.8,95.2,30/40/50/60/80/100/150 · 끝 구간 10·200 가정
AST,U/L,남,19세이하,5724,6.5,8,11.1,14.1,17.2,20.2,23.2,26.3,29.3,36.7,47.6,≤30/31~40/…/≥101 · 끝 구간 5·150 가정
AST,U/L,여,19세이하,2930,6.4,7.7,10.5,13.2,15.9,18.6,21.4,24.1,26.8,29.6,30.9,≤30/31~40/…/≥101 · 끝 구간 5·150 가정
AST,U/L,남,20~24세,232351,6.6,8.1,11.3,14.4,17.6,20.7,23.9,27,30.2,38.9,50.4,≤30/31~40/…/≥101 · 끝 구간 5·150 가정
AST,U/L,여,20~24세,312353,6.4,7.7,10.5,13.2,16,18.7,21.4,24.2,26.9,29.6,31.2,≤30/31~40/…/≥101 · 끝 구간 5·150 가정
AST,U/L,남,25~29세,626984,6.6,8.3,11.5,14.8,18.1,21.3,24.6,27.9,31.4,40.1,51.7,≤30/31~40/…/≥101 · 끝 구간 5·150 가정
AST,U/L,여,25~29세,578394,6.4,7.8,10.5,13.3,16,18.8,21.6,24.3,27.1,29.9,33.7,≤30/31~40/…/≥101 · 끝 구간 5·150 가정
AST,U/L,남,30~34세,923370,6.7,8.4,11.8,15.3,18.7,22.1,25.5,28.9,33.9,41.9,54.7,≤30/31~40/…/≥101 · 끝 구간 5·150 가정
AST,U/L,여,30~34세,717453,6.4,7.8,10.6,13.4,16.2,18.9,21.7,24.5,27.3,30.1,35.8,≤30/31~40/…/≥101 · 끝 구간 5·150 가정
AST,U/L,남,35~39세,771715,6.8,8.5,12,15.6,19.1,22.6,26.1,29.7,35.1,43.2,54.9,≤30/31~40/…/≥101 · 끝 구간 5·150 가정
AST,U/L,여,35~39세,529249,6.4,7.8,10.6,13.4,16.2,19,21.9,24.7,27.5,30.3,36.8,≤30/31~40/…/≥101 · 끝 구간 5·150 가정
AST,U/L,남,40~44세,1102936,6.8,8.6,12.3,15.9,19.6,23.2,26.9,30.5,36.3,44.8,56.4,≤30/31~40/…/≥101 · 끝 구간 5·150 가정
AST,U/L,여,40~44세,895941,6.4,7.9,10.7,13.6,16.5,19.3,22.2,25.1,27.9,30.8,38.9,≤30/31~40/…/≥101 · 끝 구간 5·150 가정
AST,U/L,남,45~49세,894066,6.8,8.6,12.3,15.9,19.5,23.1,26.8,30.4,36,43.8,54.7,≤30/31~40/…/≥101 · 끝 구간 5·150 가정
AST,U/L,여,45~49세,714571,6.5,7.9,10.8,13.8,16.7,19.6,22.5,25.4,28.3,32.3,39.9,≤30/31~40/…/≥101 · 끝 구간 5·150 가정
AST,U/L,남,50~54세,1122456,6.8,8.7,12.4,16,19.7,23.4,27.1,30.7,36.3,44.1,54.8,≤30/31~40/…/≥101 · 끝 구간 5·150 가정
AST,U/L,여,50~54세,1050801,6.6,8.1,11.3,14.4,17.6,20.7,23.8,27,30.1,37.6,44.9,≤30/31~40/…/≥101 · 끝 구간 5·150 가정
AST,U/L,남,55~59세,882163,6.8,8.7,12.3,16,19.6,23.3,26.9,30.6,36,43.2,53.5,≤30/31~40/…/≥101 · 끝 구간 5·150 가정
AST,U/L,여,55~59세,869905,6.7,8.3,11.7,15,18.3,21.7,25,28.4,32.4,39.3,47.4,≤30/31~40/…/≥101 · 끝 구간 5·150 가정
AST,U/L,남,60~64세,951167,6.9,8.8,12.5,16.3,20.1,23.8,27.6,31.5,36.8,44.4,54.9,≤30/31~40/…/≥101 · 끝 구간 5·150 가정
AST,U/L,여,60~64세,1023401,6.8,8.5,12,15.5,19,22.5,26,29.5,34.4,40.2,49.1,≤30/31~40/…/≥101 · 끝 구간 5·150 가정
AST,U/L,남,65~69세,626970,6.9,8.8,12.6,16.4,20.1,23.9,27.7,31.7,36.8,44,53.9,≤30/31~40/…/≥101 · 끝 구간 5·150 가정
AST,U/L,여,65~69세,657686,6.8,8.6,12.1,15.7,19.3,22.8,26.4,30,34.9,40.4,49.3,≤30/31~40/…/≥101 · 끝 구간 5·150 가정
AST,U/L,남,70~74세,515608,6.9,8.8,12.6,16.4,20.2,24,27.8,31.8,36.9,43.9,53.4,≤30/31~40/…/≥101 · 끝 구간 5·150 가정
AST,U/L,여,70~74세,568370,6.8,8.6,12.3,15.9,19.6,23.2,26.8,30.5,35.5,40.8,50.1,≤30/31~40/…/≥101 · 끝 구간 5·150 가정
AST,U/L,남,75~79세,228799,6.8,8.7,12.3,16,19.6,23.3,27,30.6,35.8,41.1,50.3,≤30/31~40/…/≥101 · 끝 구간 5·150 가정
AST,U/L,여,75~79세,246766,6.8,8.6,12.1,15.7,19.2,22.8,26.4,29.9,34.8,40.3,48.9,≤30/31~40/…/≥101 · 끝 구간 5·150 가정
AST,U/L,남,80~84세,164367,6.8,8.5,12,15.6,19.1,22.6,26.1,29.6,34.5,40.2,48.5,≤30/31~40/…/≥101 · 끝 구간 5·150 가정
AST,U/L,여,80~84세,192500,6.7,8.4,11.8,15.2,18.7,22.1,25.5,28.9,33.3,39.3,46.5,≤30/31~40/…/≥101 · 끝 구간 5·150 가정
AST,U/L,남,85세이상,44508,6.7,8.4,11.7,15.1,18.4,21.8,25.2,28.5,32.7,39,45.8,≤30/31~40/…/≥101 · 끝 구간 5·150 가정
AST,U/L,여,85세이상,63312,6.6,8.2,11.4,14.7,17.9,21.1,24.3,27.5,30.8,37.8,42.9,≤30/31~40/…/≥101 · 끝 구간 5·150 가정
ALT,U/L,남,19세이하,5724,6.8,8.7,12.3,16,19.7,23.3,27,30.7,34.3,45.6,70.6,≤35/36~40/…/≥101 · 끝 구간 5·150 가정
ALT,U/L,여,19세이하,2930,6.6,8.2,11.5,14.7,17.9,21.2,24.4,27.7,30.9,34.1,35.7,≤35/36~40/…/≥101 · 끝 구간 5·150 가정
ALT,U/L,남,20~24세,232347,6.9,8.9,12.7,16.6,20.5,24.4,28.2,32.1,36,54.5,79.9,≤35/36~40/…/≥101 · 끝 구간 5·150 가정
ALT,U/L,여,20~24세,312352,6.6,8.2,11.5,14.7,17.9,21.2,24.4,27.7,30.9,34.1,35.7,≤35/36~40/…/≥101 · 끝 구간 5·150 가정
ALT,U/L,남,25~29세,626982,7.1,9.1,13.2,17.3,21.4,25.5,29.6,33.7,40.5,59.6,84.9,≤35/36~40/…/≥101 · 끝 구간 5·150 가정
ALT,U/L,여,25~29세,578395,6.6,8.3,11.5,14.8,18,21.3,24.5,27.8,31,34.3,35.9,≤35/36~40/…/≥101 · 끝 구간 5·150 가정
ALT,U/L,남,30~34세,923365,7.2,9.4,13.8,18.2,22.6,27,31.4,35.9,45.1,65,89.3,≤35/36~40/…/≥101 · 끝 구간 5·150 가정
ALT,U/L,여,30~34세,717450,6.6,8.3,11.6,14.8,18.1,21.4,24.7,28,31.3,34.5,38.3,≤35/36~40/…/≥101 · 끝 구간 5·150 가정
ALT,U/L,남,35~39세,771713,7.3,9.6,14.3,18.9,23.6,28.2,32.8,38.4,47.6,66.5,88.5,≤35/36~40/…/≥101 · 끝 구간 5·150 가정
ALT,U/L,여,35~39세,529249,6.7,8.3,11.6,14.9,18.2,21.5,24.8,28.1,31.4,34.7,40,≤35/36~40/…/≥101 · 끝 구간 5·150 가정
ALT,U/L,남,40~44세,1102935,7.3,9.7,14.3,19,23.7,28.3,33,38.4,46.8,63.7,83.1,≤35/36~40/…/≥101 · 끝 구간 5·150 가정
ALT,U/L,여,40~44세,895939,6.7,8.3,11.6,14.9,18.3,21.6,24.9,28.2,31.5,34.8,40.4,≤35/36~40/…/≥101 · 끝 구간 5·150 가정
ALT,U/L,남,45~49세,894066,7.2,9.5,14,18.4,22.9,27.4,31.9,36.6,44.2,58.9,75.7,≤35/36~40/…/≥101 · 끝 구간 5·150 가정
ALT,U/L,여,45~49세,714570,6.7,8.3,11.7,15,18.4,21.7,25,28.4,31.7,35,41.8,≤35/36~40/…/≥101 · 끝 구간 5·150 가정
ALT,U/L,남,50~54세,1122457,7.2,9.3,13.6,17.9,22.2,26.5,30.8,35.1,41.8,55.3,69.9,≤35/36~40/…/≥101 · 끝 구간 5·150 가정
ALT,U/L,여,50~54세,1050798,6.7,8.5,11.9,15.4,18.9,22.3,25.8,29.3,32.8,37.1,48.4,≤35/36~40/…/≥101 · 끝 구간 5·150 가정
ALT,U/L,남,55~59세,882164,7,9.1,13.2,17.3,21.4,25.5,29.6,33.7,39.2,50.6,64.5,≤35/36~40/…/≥101 · 끝 구간 5·150 가정
ALT,U/L,여,55~59세,869902,6.8,8.6,12.1,15.7,19.2,22.8,26.4,29.9,33.5,39.8,50.9,≤35/36~40/…/≥101 · 끝 구간 5·150 가정
ALT,U/L,남,60~64세,951164,7,9,13,17,21,25,28.9,32.9,37.8,48.4,60.8,≤35/36~40/…/≥101 · 끝 구간 5·150 가정
ALT,U/L,여,60~64세,1023399,6.8,8.6,12.1,15.7,19.3,22.8,26.4,30,33.5,39.8,50.2,≤35/36~40/…/≥101 · 끝 구간 5·150 가정
ALT,U/L,남,65~69세,626968,6.9,8.9,12.7,16.6,20.5,24.3,28.2,32,35.9,45.7,57.9,≤35/36~40/…/≥101 · 끝 구간 5·150 가정
ALT,U/L,여,65~69세,657685,6.8,8.5,12.1,15.6,19.1,22.6,26.2,29.7,33.2,38.6,48.3,≤35/36~40/…/≥101 · 끝 구간 5·150 가정
ALT,U/L,남,70~74세,515601,6.9,8.7,12.5,16.2,20,23.7,27.5,31.2,35,43.6,54.8,≤35/36~40/…/≥101 · 끝 구간 5·150 가정
ALT,U/L,여,70~74세,568369,6.7,8.5,12,15.5,18.9,22.4,25.9,29.4,32.9,37.5,46.7,≤35/36~40/…/≥101 · 끝 구간 5·150 가정
ALT,U/L,남,75~79세,228799,6.8,8.6,12.2,15.7,19.3,22.9,26.5,30,33.6,39.8,49.4,≤35/36~40/…/≥101 · 끝 구간 5·150 가정
ALT,U/L,여,75~79세,246766,6.7,8.4,11.8,15.2,18.6,22,25.4,28.7,32.1,35.5,43.1,≤35/36~40/…/≥101 · 끝 구간 5·150 가정
ALT,U/L,남,80~84세,164367,6.7,8.4,11.9,15.3,18.8,22.2,25.7,29.1,32.6,36,45,≤35/36~40/…/≥101 · 끝 구간 5·150 가정
ALT,U/L,여,80~84세,192499,6.7,8.3,11.6,14.9,18.2,21.5,24.9,28.2,31.5,34.8,39.1,≤35/36~40/…/≥101 · 끝 구간 5·150 가정
ALT,U/L,남,85세이상,44509,6.7,8.3,11.6,15,18.3,21.6,24.9,28.3,31.6,34.9,39.7,≤35/36~40/…/≥101 · 끝 구간 5·150 가정
ALT,U/L,여,85세이상,63312,6.6,8.2,11.5,14.7,17.9,21.2,24.4,27.6,30.9,34.1,35.7,≤35/36~40/…/≥101 · 끝 구간 5·150 가정
감마지티피,U/L,남,19세이하,5724,11.5,13,16,19,22,24.9,27.9,30.9,33.9,41.1,55.4,<8/8~10/11~35/36~45/46~63/64~77/78~99/≥100 · 끝 구간 3·200 가정
감마지티피,U/L,여,19세이하,2930,8.5,9.4,11.5,14.7,17.9,21,24.2,27.4,30.6,33.7,35.3,<8/8~10/11~35/36~45/46~63/64~77/78~99/≥100 · 끝 구간 3·200 가정
감마지티피,U/L,남,20~24세,232345,11.6,13.2,16.4,19.7,22.9,26.1,29.3,32.5,35.7,51.6,70.1,<8/8~10/11~35/36~45/46~63/64~77/78~99/≥100 · 끝 구간 3·200 가정
감마지티피,U/L,여,20~24세,312350,8.3,9.1,10.6,13.5,16.9,20.3,23.7,27.1,30.5,33.9,35.6,<8/8~10/11~35/36~45/46~63/64~77/78~99/≥100 · 끝 구간 3·200 가정
감마지티피,U/L,남,25~29세,626945,12,13.8,17.3,20.9,24.4,28,31.5,35.1,44.3,64.9,92.9,<8/8~10/11~35/36~45/46~63/64~77/78~99/≥100 · 끝 구간 3·200 가정
감마지티피,U/L,여,25~29세,578377,8.3,9.1,10.7,13.8,17.2,20.6,24.1,27.5,30.9,34.4,37.1,<8/8~10/11~35/36~45/46~63/64~77/78~99/≥100 · 끝 구간 3·200 가정
감마지티피,U/L,남,30~34세,923252,12.3,14.3,18.3,22.2,26.2,30.2,34.2,41.2,54.7,79.5,120.2,<8/8~10/11~35/36~45/46~63/64~77/78~99/≥100 · 끝 구간 3·200 가정
감마지티피,U/L,여,30~34세,717392,8.3,9.1,10.8,14,17.5,21,24.5,28,31.4,34.9,43.2,<8/8~10/11~35/36~45/46~63/64~77/78~99/≥100 · 끝 구간 3·200 가정
감마지티피,U/L,남,35~39세,771548,12.7,14.9,19.3,23.8,28.2,32.6,38,47,61.8,92,139.1,<8/8~10/11~35/36~45/46~63/64~77/78~99/≥100 · 끝 구간 3·200 가정
감마지티피,U/L,여,35~39세,529181,8.4,9.4,11.5,15,18.4,21.8,25.3,28.7,32.2,35.6,50.2,<8/8~10/11~35/36~45/46~63/64~77/78~99/≥100 · 끝 구간 3·200 가정
감마지티피,U/L,남,40~44세,1102442,13,15.4,20.2,25,29.9,34.7,41.9,52.6,67.8,100,150,<8/8~10/11~35/36~45/46~63/64~77/78~99/≥100 · 끝 구간 3·200 가정
감마지티피,U/L,여,40~44세,895769,8.7,9.8,12.6,15.9,19.3,22.7,26.1,29.5,32.9,37.8,56.5,<8/8~10/11~35/36~45/46~63/64~77/78~99/≥100 · 끝 구간 3·200 가정
감마지티피,U/L,남,45~49세,893555,13.1,15.5,20.4,25.3,30.2,35.1,42.3,53,67.9,100.7,150.4,<8/8~10/11~35/36~45/46~63/64~77/78~99/≥100 · 끝 구간 3·200 가정
감마지티피,U/L,여,45~49세,714421,8.8,10.1,13.1,16.5,19.8,23.2,26.6,29.9,33.3,40.7,60,<8/8~10/11~35/36~45/46~63/64~77/78~99/≥100 · 끝 구간 3·200 가정
감마지티피,U/L,남,50~54세,1121724,13,15.4,20.1,24.9,29.7,34.4,41.1,50.9,64.8,97.4,146.7,<8/8~10/11~35/36~45/46~63/64~77/78~99/≥100 · 끝 구간 3·200 가정
감마지티피,U/L,여,50~54세,1050618,9.4,11.2,14.5,17.8,21.2,24.5,27.8,31.1,34.4,45.8,67.3,<8/8~10/11~35/36~45/46~63/64~77/78~99/≥100 · 끝 구간 3·200 가정
감마지티피,U/L,남,55~59세,881542,12.9,15.1,19.5,24,28.4,32.8,38.3,46.1,60.7,90.6,137.9,<8/8~10/11~35/36~45/46~63/64~77/78~99/≥100 · 끝 구간 3·200 가정
감마지티피,U/L,여,55~59세,869814,10.6,12.4,15.6,18.8,22,25.2,28.4,31.6,34.8,46.3,66.3,<8/8~10/11~35/36~45/46~63/64~77/78~99/≥100 · 끝 구간 3·200 가정
감마지티피,U/L,남,60~64세,950507,12.7,14.8,18.9,23.1,27.3,31.4,35.6,43.3,56.6,83,128.7,<8/8~10/11~35/36~45/46~63/64~77/78~99/≥100 · 끝 구간 3·200 가정
감마지티피,U/L,여,60~64세,1023312,10.8,12.5,15.6,18.7,21.8,25,28.1,31.2,34.3,44,61.8,<8/8~10/11~35/36~45/46~63/64~77/78~99/≥100 · 끝 구간 3·200 가정
감마지티피,U/L,남,65~69세,626580,12.5,14.4,18.3,22.2,26.1,30,33.8,39.8,50.8,74,112.7,<8/8~10/11~35/36~45/46~63/64~77/78~99/≥100 · 끝 구간 3·200 가정
감마지티피,U/L,여,65~69세,657626,10.8,12.4,15.5,18.6,21.7,24.7,27.8,30.9,34,42.1,59,<8/8~10/11~35/36~45/46~63/64~77/78~99/≥100 · 끝 구간 3·200 가정
감마지티피,U/L,남,70~74세,515351,12.3,14.1,17.8,21.4,25.1,28.7,32.4,36.1,45.3,66.2,97.4,<8/8~10/11~35/36~45/46~63/64~77/78~99/≥100 · 끝 구간 3·200 가정
감마지티피,U/L,여,70~74세,568317,10.8,12.4,15.5,18.5,21.6,24.6,27.7,30.7,33.8,41.3,57.8,<8/8~10/11~35/36~45/46~63/64~77/78~99/≥100 · 끝 구간 3·200 가정
감마지티피,U/L,남,75~79세,228717,12,13.8,17.2,20.7,24.2,27.6,31.1,34.5,42,60.4,86.3,<8/8~10/11~35/36~45/46~63/64~77/78~99/≥100 · 끝 구간 3·200 가정
감마지티피,U/L,여,75~79세,246744,10.5,12.2,15.3,18.3,21.4,24.4,27.5,30.5,33.5,39.9,56.1,<8/8~10/11~35/36~45/46~63/64~77/78~99/≥100 · 끝 구간 3·200 가정
감마지티피,U/L,남,80~84세,164301,11.8,13.5,16.9,20.2,23.6,27,30.3,33.7,39.6,57.5,80.1,<8/8~10/11~35/36~45/46~63/64~77/78~99/≥100 · 끝 구간 3·200 가정
감마지티피,U/L,여,80~84세,192469,10,11.9,15,18,21.1,24.2,27.2,30.3,33.3,38.9,55.2,<8/8~10/11~35/36~45/46~63/64~77/78~99/≥100 · 끝 구간 3·200 가정
감마지티피,U/L,남,85세이상,44497,11.3,13,16.3,19.6,22.9,26.2,29.5,32.8,36.3,53.6,74.6,<8/8~10/11~35/36~45/46~63/64~77/78~99/≥100 · 끝 구간 3·200 가정
감마지티피,U/L,여,85세이상,63307,9,10.6,13.8,16.9,20.1,23.3,26.5,29.7,32.9,36.4,53.3,<8/8~10/11~35/36~45/46~63/64~77/78~99/≥100 · 끝 구간 3·200 가정
혈색소,g/dL,남,19세이하,5724,14,14.2,14.6,15,15.2,15.5,15.7,15.9,16.3,16.6,17.8,<10/10~10.9/…/15.0~15.5/15.6~15.9/16.0~16.5/≥16.6 · 끝 구간 8·19 가정
혈색소,g/dL,여,19세이하,2930,11.2,11.7,12.3,12.6,12.9,13.2,13.4,13.7,13.9,14.5,14.8,<10/10~10.9/…/15.0~15.5/15.6~15.9/16.0~16.5/≥16.6 · 끝 구간 8·19 가정
혈색소,g/dL,남,20~24세,232346,14,14.2,14.7,15.1,15.3,15.6,15.8,16,16.4,17.1,18,<10/10~10.9/…/15.0~15.5/15.6~15.9/16.0~16.5/≥16.6 · 끝 구간 8·19 가정
혈색소,g/dL,여,20~24세,312350,11.4,12,12.4,12.7,13,13.3,13.5,13.8,14,14.6,14.8,<10/10~10.9/…/15.0~15.5/15.6~15.9/16.0~16.5/≥16.6 · 끝 구간 8·19 가정
혈색소,g/dL,남,25~29세,626975,14,14.2,14.7,15,15.3,15.5,15.7,16,16.3,16.9,18,<10/10~10.9/…/15.0~15.5/15.6~15.9/16.0~16.5/≥16.6 · 끝 구간 8·19 가정
혈색소,g/dL,여,25~29세,578392,11.5,12.1,12.4,12.8,13.1,13.3,13.6,13.8,14.1,14.6,14.9,<10/10~10.9/…/15.0~15.5/15.6~15.9/16.0~16.5/≥16.6 · 끝 구간 8·19 가정
혈색소,g/dL,남,30~34세,923357,14,14.2,14.6,15,15.2,15.5,15.7,16,16.3,17,18,<10/10~10.9/…/15.0~15.5/15.6~15.9/16.0~16.5/≥16.6 · 끝 구간 8·19 가정
혈색소,g/dL,여,30~34세,717445,11.3,12,12.4,12.8,13.1,13.3,13.6,13.8,14.1,14.6,14.9,<10/10~10.9/…/15.0~15.5/15.6~15.9/16.0~16.5/≥16.6 · 끝 구간 8·19 가정
혈색소,g/dL,남,35~39세,771704,13.8,14.2,14.6,15,15.2,15.5,15.7,16,16.3,17,18,<10/10~10.9/…/15.0~15.5/15.6~15.9/16.0~16.5/≥16.6 · 끝 구간 8·19 가정
혈색소,g/dL,여,35~39세,529239,11.1,11.7,12.3,12.6,13,13.3,13.5,13.8,14,14.6,14.9,<10/10~10.9/…/15.0~15.5/15.6~15.9/16.0~16.5/≥16.6 · 끝 구간 8·19 가정
혈색소,g/dL,남,40~44세,1102905,13.7,14.1,14.5,14.9,15.2,15.5,15.7,16,16.4,17.2,18.1,<10/10~10.9/…/15.0~15.5/15.6~15.9/16.0~16.5/≥16.6 · 끝 구간 8·19 가정
혈색소,g/dL,여,40~44세,895926,10.5,11.3,12.1,12.5,12.9,13.2,13.5,13.7,14,14.6,14.9,<10/10~10.9/…/15.0~15.5/15.6~15.9/16.0~16.5/≥16.6 · 끝 구간 8·19 가정
혈색소,g/dL,남,45~49세,894030,13.5,14.1,14.4,14.8,15.1,15.4,15.6,15.9,16.3,17.1,18,<10/10~10.9/…/15.0~15.5/15.6~15.9/16.0~16.5/≥16.6 · 끝 구간 8·19 가정
혈색소,g/dL,여,45~49세,714558,10.3,11.3,12.1,12.5,12.9,13.2,13.5,13.8,14.1,14.7,14.9,<10/10~10.9/…/15.0~15.5/15.6~15.9/16.0~16.5/≥16.6 · 끝 구간 8·19 가정
혈색소,g/dL,남,50~54세,1122428,13.4,14,14.4,14.7,15.1,15.3,15.6,15.9,16.3,17,18,<10/10~10.9/…/15.0~15.5/15.6~15.9/16.0~16.5/≥16.6 · 끝 구간 8·19 가정
혈색소,g/dL,여,50~54세,1050781,11.3,12,12.4,12.9,13.2,13.4,13.7,13.9,14.3,14.8,15.1,<10/10~10.9/…/15.0~15.5/15.6~15.9/16.0~16.5/≥16.6 · 끝 구간 8·19 가정
혈색소,g/dL,남,55~59세,882138,13.2,13.7,14.2,14.6,14.9,15.2,15.5,15.8,16.1,16.6,17.8,<10/10~10.9/…/15.0~15.5/15.6~15.9/16.0~16.5/≥16.6 · 끝 구간 8·19 가정
혈색소,g/dL,여,55~59세,869887,12,12.2,12.6,13,13.3,13.5,13.7,14,14.4,14.8,15.2,<10/10~10.9/…/15.0~15.5/15.6~15.9/16.0~16.5/≥16.6 · 끝 구간 8·19 가정
혈색소,g/dL,남,60~64세,951132,13.1,13.5,14.1,14.4,14.8,15.1,15.4,15.7,16,16.6,17.7,<10/10~10.9/…/15.0~15.5/15.6~15.9/16.0~16.5/≥16.6 · 끝 구간 8·19 가정
혈색소,g/dL,여,60~64세,1023379,11.8,12.2,12.6,13,13.2,13.5,13.7,14,14.4,14.8,15.1,<10/10~10.9/…/15.0~15.5/15.6~15.9/16.0~16.5/≥16.6 · 끝 구간 8·19 가정
혈색소,g/dL,남,65~69세,626952,12.7,13.2,13.8,14.2,14.6,14.9,15.2,15.5,15.9,16.4,17.4,<10/10~10.9/…/15.0~15.5/15.6~15.9/16.0~16.5/≥16.6 · 끝 구간 8·19 가정
혈색소,g/dL,여,65~69세,657681,11.5,12.1,12.4,12.8,13.1,13.4,13.6,13.9,14.3,14.8,15,<10/10~10.9/…/15.0~15.5/15.6~15.9/16.0~16.5/≥16.6 · 끝 구간 8·19 가정
혈색소,g/dL,남,70~74세,515586,12.2,12.9,13.5,14,14.3,14.6,15,15.3,15.7,16.3,16.9,<10/10~10.9/…/15.0~15.5/15.6~15.9/16.0~16.5/≥16.6 · 끝 구간 8·19 가정
혈색소,g/dL,여,70~74세,568359,11.3,11.8,12.3,12.7,13,13.3,13.6,13.8,14.2,14.7,15,<10/10~10.9/…/15.0~15.5/15.6~15.9/16.0~16.5/≥16.6 · 끝 구간 8·19 가정
혈색소,g/dL,남,75~79세,228793,11.7,12.3,13.1,13.5,14,14.3,14.6,15,15.4,16,16.5,<10/10~10.9/…/15.0~15.5/15.6~15.9/16.0~16.5/≥16.6 · 끝 구간 8·19 가정
혈색소,g/dL,여,75~79세,246763,11,11.4,12.1,12.4,12.8,13.1,13.4,13.7,14,14.6,14.9,<10/10~10.9/…/15.0~15.5/15.6~15.9/16.0~16.5/≥16.6 · 끝 구간 8·19 가정
혈색소,g/dL,남,80~84세,164363,11.1,11.8,12.6,13.1,13.5,13.9,14.3,14.7,15.1,15.7,16.2,<10/10~10.9/…/15.0~15.5/15.6~15.9/16.0~16.5/≥16.6 · 끝 구간 8·19 가정
혈색소,g/dL,여,80~84세,192494,10.4,11.1,11.7,12.1,12.5,12.8,13.1,13.5,13.8,14.4,14.8,<10/10~10.9/…/15.0~15.5/15.6~15.9/16.0~16.5/≥16.6 · 끝 구간 8·19 가정
혈색소,g/dL,남,85세이상,44508,10.3,11.1,11.9,12.4,12.9,13.3,13.7,14.1,14.6,15.2,15.7,<10/10~10.9/…/15.0~15.5/15.6~15.9/16.0~16.5/≥16.6 · 끝 구간 8·19 가정
혈색소,g/dL,여,85세이상,63308,9.4,10.2,11.1,11.5,12,12.3,12.7,13,13.5,14,14.6,<10/10~10.9/…/15.0~15.5/15.6~15.9/16.0~16.5/≥16.6 · 끝 구간 8·19 가정
