항목,성별,연령대,표본수,범주,인원,비율(%)
요단백,남,19세이하,5717,음성,5347,93.53
요단백,남,19세이하,5717,±,237,4.15
요단백,남,19세이하,5717,+1,105,1.84
요단백,남,19세이하,5717,+2,23,0.4
요단백,남,19세이하,5717,+3,5,0.09
요단백,남,19세이하,5717,+4,0,0
요단백,여,19세이하,2913,음성,2567,88.12
요단백,여,19세이하,2913,±,208,7.14
요단백,여,19세이하,2913,+1,108,3.71
요단백,여,19세이하,2913,+2,22,0.76
요단백,여,19세이하,2913,+3,8,0.27
요단백,여,19세이하,2913,+4,0,0
요단백,남,20~24세,232051,음성,214319,92.36
요단백,남,20~24세,232051,±,11453,4.94
요단백,남,20~24세,232051,+1,5016,2.16
요단백,남,20~24세,232051,+2,935,0.4
요단백,남,20~24세,232051,+3,267,0.12
요단백,남,20~24세,232051,+4,61,0.03
요단백,여,20~24세,310187,음성,273460,88.16
요단백,여,20~24세,310187,±,21728,7
요단백,여,20~24세,310187,+1,11862,3.82
요단백,여,20~24세,310187,+2,2361,0.76
요단백,여,20~24세,310187,+3,622,0.2
요단백,여,20~24세,310187,+4,154,0.05
요단백,남,25~29세,626391,음성,575306,91.84
요단백,남,25~29세,626391,±,35308,5.64
요단백,남,25~29세,626391,+1,12630,2.02
요단백,남,25~29세,626391,+2,2355,0.38
요단백,남,25~29세,626391,+3,642,0.1
요단백,남,25~29세,626391,+4,150,0.02
요단백,여,25~29세,573020,음성,507199,88.51
요단백,여,25~29세,573020,±,43212,7.54
요단백,여,25~29세,573020,+1,18232,3.18
요단백,여,25~29세,573020,+2,3322,0.58
요단백,여,25~29세,573020,+3,829,0.14
요단백,여,25~29세,573020,+4,226,0.04
요단백,남,30~34세,922367,음성,833050,90.32
요단백,남,30~34세,922367,±,61672,6.69
요단백,남,30~34세,922367,+1,21816,2.37
요단백,남,30~34세,922367,+2,4296,0.47
요단백,남,30~34세,922367,+3,1225,0.13
요단백,남,30~34세,922367,+4,308,0.03
요단백,여,30~34세,709814,음성,626847,88.31
요단백,여,30~34세,709814,±,56378,7.94
요단백,여,30~34세,709814,+1,21684,3.05
요단백,여,30~34세,709814,+2,3771,0.53
요단백,여,30~34세,709814,+3,901,0.13
요단백,여,30~34세,709814,+4,233,0.03
요단백,남,35~39세,770853,음성,693503,89.97
요단백,남,35~39세,770853,±,52001,6.75
요단백,남,35~39세,770853,+1,19164,2.49
요단백,남,35~39세,770853,+2,4533,0.59
요단백,남,35~39세,770853,+3,1323,0.17
요단백,남,35~39세,770853,+4,329,0.04
요단백,여,35~39세,523567,음성,465341,88.88
요단백,여,35~39세,523567,±,40005,7.64
요단백,여,35~39세,523567,+1,14473,2.76
요단백,여,35~39세,523567,+2,2818,0.54
요단백,여,35~39세,523567,+3,732,0.14
요단백,여,35~39세,523567,+4,198,0.04
요단백,남,40~44세,1101000,음성,979968,89.01
요단백,남,40~44세,1101000,±,78218,7.1
요단백,남,40~44세,1101000,+1,31985,2.91
요단백,남,40~44세,1101000,+2,7871,0.71
요단백,남,40~44세,1101000,+3,2364,0.21
요단백,남,40~44세,1101000,+4,594,0.05
요단백,여,40~44세,886531,음성,791388,89.27
요단백,여,40~44세,886531,±,63776,7.19
요단백,여,40~44세,886531,+1,24764,2.79
요단백,여,40~44세,886531,+2,4940,0.56
요단백,여,40~44세,886531,+3,1335,0.15
요단백,여,40~44세,886531,+4,328,0.04
요단백,남,45~49세,892303,음성,802165,89.9
요단백,남,45~49세,892303,±,56621,6.35
요단백,남,45~49세,892303,+1,24361,2.73
요단백,남,45~49세,892303,+2,6565,0.74
요단백,남,45~49세,892303,+3,2035,0.23
요단백,남,45~49세,892303,+4,556,0.06
요단백,여,45~49세,708366,음성,643530,90.85
요단백,여,45~49세,708366,±,42182,5.95
요단백,여,45~49세,708366,+1,17423,2.46
요단백,여,45~49세,708366,+2,3963,0.56
요단백,여,45~49세,708366,+3,1038,0.15
요단백,여,45~49세,708366,+4,230,0.03
요단백,남,50~54세,1119557,음성,1006984,89.94
요단백,남,50~54세,1119557,±,67341,6.01
요단백,남,50~54세,1119557,+1,32387,2.89
요단백,남,50~54세,1119557,+2,9323,0.83
요단백,남,50~54세,1119557,+3,2809,0.25
요단백,남,50~54세,1119557,+4,713,0.06
요단백,여,50~54세,1046474,음성,970487,92.74
요단백,여,50~54세,1046474,±,48406,4.63
요단백,여,50~54세,1046474,+1,20881,2
요단백,여,50~54세,1046474,+2,5052,0.48
요단백,여,50~54세,1046474,+3,1334,0.13
요단백,여,50~54세,1046474,+4,314,0.03
요단백,남,55~59세,879661,음성,796789,90.58
요단백,남,55~59세,879661,±,47091,5.35
요단백,남,55~59세,879661,+1,24910,2.83
요단백,남,55~59세,879661,+2,7677,0.87
요단백,남,55~59세,879661,+3,2552,0.29
요단백,남,55~59세,879661,+4,642,0.07
요단백,여,55~59세,868405,음성,815584,93.92
요단백,여,55~59세,868405,±,32993,3.8
요단백,여,55~59세,868405,+1,14863,1.71
요단백,여,55~59세,868405,+2,3678,0.42
요단백,여,55~59세,868405,+3,1038,0.12
요단백,여,55~59세,868405,+4,249,0.03
요단백,남,60~64세,947041,음성,858578,90.66
요단백,남,60~64세,947041,±,45513,4.81
요단백,남,60~64세,947041,+1,29169,3.08
요단백,남,60~64세,947041,+2,9708,1.03
요단백,남,60~64세,947041,+3,3231,0.34
요단백,남,60~64세,947041,+4,842,0.09
요단백,여,60~64세,1020904,음성,956852,93.73
요단백,여,60~64세,1020904,±,37466,3.67
요단백,여,60~64세,1020904,+1,19598,1.92
요단백,여,60~64세,1020904,+2,5156,0.51
요단백,여,60~64세,1020904,+3,1483,0.15
요단백,여,60~64세,1020904,+4,349,0.03
요단백,남,65~69세,623538,음성,563522,90.37
요단백,남,65~69세,623538,±,28532,4.58
요단백,남,65~69세,623538,+1,20624,3.31
요단백,남,65~69세,623538,+2,7552,1.21
요단백,남,65~69세,623538,+3,2621,0.42
요단백,남,65~69세,623538,+4,687,0.11
요단백,여,65~69세,655594,음성,612412,93.41
요단백,여,65~69세,655594,±,24008,3.66
요단백,여,65~69세,655594,+1,14037,2.14
요단백,여,65~69세,655594,+2,3769,0.57
요단백,여,65~69세,655594,+3,1076,0.16
요단백,여,65~69세,655594,+4,292,0.04
요단백,남,70~74세,511420,음성,456208,89.2
요단백,남,70~74세,511420,±,24276,4.75
요단백,남,70~74세,511420,+1,19728,3.86
요단백,남,70~74세,511420,+2,7722,1.51
요단백,남,70~74세,511420,+3,2744,0.54
요단백,남,70~74세,511420,+4,742,0.15
요단백,여,70~74세,565300,음성,522684,92.46
요단백,여,70~74세,565300,±,21889,3.87
요단백,여,70~74세,565300,+1,14626,2.59
요단백,여,70~74세,565300,+2,4341,0.77
요단백,여,70~74세,565300,+3,1398,0.25
요단백,여,70~74세,565300,+4,362,0.06
요단백,남,75~79세,226238,음성,199648,88.25
요단백,남,75~79세,226238,±,11061,4.89
요단백,남,75~79세,226238,+1,9679,4.28
요단백,남,75~79세,226238,+2,4026,1.78
요단백,남,75~79세,226238,+3,1446,0.64
요단백,남,75~79세,226238,+4,378,0.17
요단백,여,75~79세,244544,음성,223563,91.42
요단백,여,75~79세,244544,±,10038,4.1
요단백,여,75~79세,244544,+1,7497,3.07
요단백,여,75~79세,244544,+2,2504,1.02
요단백,여,75~79세,244544,+3,740,0.3
요단백,여,75~79세,244544,+4,202,0.08
요단백,남,80~84세,161362,음성,139780,86.63
요단백,남,80~84세,161362,±,8366,5.18
요단백,남,80~84세,161362,+1,8048,4.99
요단백,남,80~84세,161362,+2,3552,2.2
요단백,남,80~84세,161362,+3,1266,0.78
요단백,남,80~84세,161362,+4,350,0.22
요단백,여,80~84세,188418,음성,170225,90.34
요단백,여,80~84세,188418,±,8024,4.26
요단백,여,80~84세,188418,+1,6817,3.62
요단백,여,80~84세,188418,+2,2384,1.27
요단백,여,80~84세,188418,+3,760,0.4
요단백,여,80~84세,188418,+4,208,0.11
요단백,남,85세이상,42634,음성,36424,85.43
요단백,남,85세이상,42634,±,2316,5.43
요단백,남,85세이상,42634,+1,2381,5.58
요단백,남,85세이상,42634,+2,1059,2.48
요단백,남,85세이상,42634,+3,361,0.85
요단백,남,85세이상,42634,+4,93,0.22
요단백,여,85세이상,57789,음성,51491,89.1
요단백,여,85세이상,57789,±,2408,4.17
요단백,여,85세이상,57789,+1,2486,4.3
요단백,여,85세이상,57789,+2,1001,1.73
요단백,여,85세이상,57789,+3,310,0.54
요단백,여,85세이상,57789,+4,93,0.16
흉부X선,남,19세이하,5725,정상A,5695,99.48
흉부X선,남,19세이하,5725,질환의심,29,0.51
흉부X선,남,19세이하,5725,기타,1,0.02
흉부X선,여,19세이하,2930,정상A,2885,98.46
흉부X선,여,19세이하,2930,질환의심,40,1.37
흉부X선,여,19세이하,2930,기타,5,0.17
흉부X선,남,20~24세,232366,정상A,229769,98.88
흉부X선,남,20~24세,232366,질환의심,2198,0.95
흉부X선,남,20~24세,232366,기타,399,0.17
흉부X선,여,20~24세,312333,정상A,307730,98.53
흉부X선,여,20~24세,312333,질환의심,3743,1.2
흉부X선,여,20~24세,312333,기타,860,0.28
흉부X선,남,25~29세,626993,정상A,619215,98.76
흉부X선,남,25~29세,626993,질환의심,6354,1.01
흉부X선,남,25~29세,626993,기타,1424,0.23
흉부X선,여,25~29세,578152,정상A,565000,97.73
흉부X선,여,25~29세,578152,질환의심,7447,1.29
흉부X선,여,25~29세,578152,기타,5705,0.99
흉부X선,남,30~34세,923358,정상A,907206,98.25
흉부X선,남,30~34세,923358,질환의심,12682,1.37
흉부X선,남,30~34세,923358,기타,3470,0.38
흉부X선,여,30~34세,716059,정상A,681726,95.21
흉부X선,여,30~34세,716059,질환의심,10204,1.43
흉부X선,여,30~34세,716059,기타,24129,3.37
흉부X선,남,35~39세,771717,정상A,753380,97.62
흉부X선,남,35~39세,771717,질환의심,13442,1.74
흉부X선,남,35~39세,771717,기타,4895,0.63
흉부X선,여,35~39세,528506,정상A,505861,95.72
흉부X선,여,35~39세,528506,질환의심,8983,1.7
흉부X선,여,35~39세,528506,기타,13662,2.59
흉부X선,남,40~44세,1102929,정상A,1063233,96.4
흉부X선,남,40~44세,1102929,질환의심,27574,2.5
흉부X선,남,40~44세,1102929,기타,12122,1.1
흉부X선,여,40~44세,895673,정상A,865080,96.58
흉부X선,여,40~44세,895673,질환의심,19111,2.13
흉부X선,여,40~44세,895673,기타,11482,1.28
흉부X선,남,45~49세,894030,정상A,849883,95.06
흉부X선,남,45~49세,894030,질환의심,28390,3.18
흉부X선,남,45~49세,894030,기타,15757,1.76
흉부X선,여,45~49세,714482,정상A,683918,95.72
흉부X선,여,45~49세,714482,질환의심,18892,2.64
흉부X선,여,45~49세,714482,기타,11672,1.63
흉부X선,남,50~54세,1122438,정상A,1045126,93.11
흉부X선,남,50~54세,1122438,질환의심,47386,4.22
흉부X선,남,50~54세,1122438,기타,29926,2.67
흉부X선,여,50~54세,1050644,정상A,986320,93.88
흉부X선,여,50~54세,1050644,질환의심,39951,3.8
흉부X선,여,50~54세,1050644,기타,24373,2.32
흉부X선,남,55~59세,882129,정상A,802511,90.97
흉부X선,남,55~59세,882129,질환의심,48821,5.53
흉부X선,남,55~59세,882129,기타,30797,3.49
흉부X선,여,55~59세,869763,정상A,797952,91.74
흉부X선,여,55~59세,869763,질환의심,47231,5.43
흉부X선,여,55~59세,869763,기타,24580,2.83
흉부X선,남,60~64세,951127,정상A,832043,87.48
흉부X선,남,60~64세,951127,질환의심,75495,7.94
흉부X선,남,60~64세,951127,기타,43589,4.58
흉부X선,여,60~64세,1023266,정상A,903946,88.34
흉부X선,여,60~64세,1023266,질환의심,85069,8.31
흉부X선,여,60~64세,1023266,기타,34251,3.35
흉부X선,남,65~69세,626921,정상A,521875,83.24
흉부X선,남,65~69세,626921,질환의심,68960,11
흉부X선,남,65~69세,626921,기타,36086,5.76
흉부X선,여,65~69세,657613,정상A,556017,84.55
흉부X선,여,65~69세,657613,질환의심,77603,11.8
흉부X선,여,65~69세,657613,기타,23993,3.65
흉부X선,남,70~74세,515574,정상A,400236,77.63
흉부X선,남,70~74세,515574,질환의심,79944,15.51
흉부X선,남,70~74세,515574,기타,35394,6.86
흉부X선,여,70~74세,568296,정상A,452200,79.57
흉부X선,여,70~74세,568296,질환의심,94691,16.66
흉부X선,여,70~74세,568296,기타,21405,3.77
흉부X선,남,75~79세,228800,정상A,162476,71.01
흉부X선,남,75~79세,228800,질환의심,47851,20.91
흉부X선,남,75~79세,228800,기타,18473,8.07
흉부X선,여,75~79세,246741,정상A,180060,72.98
흉부X선,여,75~79세,246741,질환의심,56559,22.92
흉부X선,여,75~79세,246741,기타,10122,4.1
흉부X선,남,80~84세,164352,정상A,107632,65.49
흉부X선,남,80~84세,164352,질환의심,41978,25.54
흉부X선,남,80~84세,164352,기타,14742,8.97
흉부X선,여,80~84세,192473,정상A,127853,66.43
흉부X선,여,80~84세,192473,질환의심,56344,29.27
흉부X선,여,80~84세,192473,기타,8276,4.3
흉부X선,남,85세이상,44502,정상A,25855,58.1
흉부X선,남,85세이상,44502,질환의심,14198,31.9
흉부X선,남,85세이상,44502,기타,4449,10
흉부X선,여,85세이상,63270,정상A,35309,55.81
흉부X선,여,85세이상,63270,질환의심,23604,37.31
흉부X선,여,85세이상,63270,기타,4357,6.89
시력(좌),남,19세이하,5725,0.1이하,60,1.05
시력(좌),남,19세이하,5725,0.2~0.4,356,6.22
시력(좌),남,19세이하,5725,0.5~0.7,908,15.86
시력(좌),남,19세이하,5725,0.8~1.0,2368,41.36
시력(좌),남,19세이하,5725,1.1~1.5,1992,34.79
시력(좌),남,19세이하,5725,1.6~2.0,39,0.68
시력(좌),남,19세이하,5725,기타,2,0.03
시력(좌),여,19세이하,2929,0.1이하,48,1.64
시력(좌),여,19세이하,2929,0.2~0.4,224,7.65
시력(좌),여,19세이하,2929,0.5~0.7,553,18.88
시력(좌),여,19세이하,2929,0.8~1.0,1306,44.59
시력(좌),여,19세이하,2929,1.1~1.5,777,26.53
시력(좌),여,19세이하,2929,1.6~2.0,21,0.72
시력(좌),여,19세이하,2929,기타,0,0
시력(좌),남,20~24세,232326,0.1이하,1791,0.77
시력(좌),남,20~24세,232326,0.2~0.4,10816,4.66
시력(좌),남,20~24세,232326,0.5~0.7,28013,12.06
시력(좌),남,20~24세,232326,0.8~1.0,90794,39.08
시력(좌),남,20~24세,232326,1.1~1.5,96994,41.75
시력(좌),남,20~24세,232326,1.6~2.0,3732,1.61
시력(좌),남,20~24세,232326,기타,186,0.08
시력(좌),여,20~24세,312339,0.1이하,4220,1.35
시력(좌),여,20~24세,312339,0.2~0.4,19984,6.4
시력(좌),여,20~24세,312339,0.5~0.7,45890,14.69
시력(좌),여,20~24세,312339,0.8~1.0,138512,44.35
시력(좌),여,20~24세,312339,1.1~1.5,101252,32.42
시력(좌),여,20~24세,312339,1.6~2.0,2338,0.75
시력(좌),여,20~24세,312339,기타,143,0.05
시력(좌),남,25~29세,626953,0.1이하,3002,0.48
시력(좌),남,25~29세,626953,0.2~0.4,22816,3.64
시력(좌),남,25~29세,626953,0.5~0.7,67934,10.84
시력(좌),남,25~29세,626953,0.8~1.0,244134,38.94
시력(좌),남,25~29세,626953,1.1~1.5,279699,44.61
시력(좌),남,25~29세,626953,1.6~2.0,9003,1.44
시력(좌),남,25~29세,626953,기타,365,0.06
시력(좌),여,25~29세,578367,0.1이하,5514,0.95
시력(좌),여,25~29세,578367,0.2~0.4,29063,5.03
시력(좌),여,25~29세,578367,0.5~0.7,75619,13.07
시력(좌),여,25~29세,578367,0.8~1.0,253977,43.91
시력(좌),여,25~29세,578367,1.1~1.5,209763,36.27
시력(좌),여,25~29세,578367,1.6~2.0,4184,0.72
시력(좌),여,25~29세,578367,기타,247,0.04
시력(좌),남,30~34세,923310,0.1이하,3940,0.43
시력(좌),남,30~34세,923310,0.2~0.4,28625,3.1
시력(좌),남,30~34세,923310,0.5~0.7,94844,10.27
시력(좌),남,30~34세,923310,0.8~1.0,364148,39.44
시력(좌),남,30~34세,923310,1.1~1.5,418417,45.32
시력(좌),남,30~34세,923310,1.6~2.0,12763,1.38
시력(좌),남,30~34세,923310,기타,573,0.06
시력(좌),여,30~34세,717384,0.1이하,5872,0.82
시력(좌),여,30~34세,717384,0.2~0.4,33274,4.64
시력(좌),여,30~34세,717384,0.5~0.7,90662,12.64
시력(좌),여,30~34세,717384,0.8~1.0,313505,43.7
시력(좌),여,30~34세,717384,1.1~1.5,268190,37.38
시력(좌),여,30~34세,717384,1.6~2.0,5536,0.77
시력(좌),여,30~34세,717384,기타,345,0.05
시력(좌),남,35~39세,771663,0.1이하,2952,0.38
시력(좌),남,35~39세,771663,0.2~0.4,19832,2.57
시력(좌),남,35~39세,771663,0.5~0.7,71968,9.33
시력(좌),남,35~39세,771663,0.8~1.0,300500,38.94
시력(좌),남,35~39세,771663,1.1~1.5,364481,47.23
시력(좌),남,35~39세,771663,1.6~2.0,11347,1.47
시력(좌),남,35~39세,771663,기타,583,0.08
시력(좌),여,35~39세,529182,0.1이하,3652,0.69
시력(좌),여,35~39세,529182,0.2~0.4,22152,4.19
시력(좌),여,35~39세,529182,0.5~0.7,62916,11.89
시력(좌),여,35~39세,529182,0.8~1.0,227640,43.02
시력(좌),여,35~39세,529182,1.1~1.5,207400,39.19
시력(좌),여,35~39세,529182,1.6~2.0,5117,0.97
시력(좌),여,35~39세,529182,기타,305,0.06
시력(좌),남,40~44세,1102858,0.1이하,4952,0.45
시력(좌),남,40~44세,1102858,0.2~0.4,31861,2.89
시력(좌),남,40~44세,1102858,0.5~0.7,117620,10.67
시력(좌),남,40~44세,1102858,0.8~1.0,454877,41.25
시력(좌),남,40~44세,1102858,1.1~1.5,477832,43.33
시력(좌),남,40~44세,1102858,1.6~2.0,14421,1.31
시력(좌),남,40~44세,1102858,기타,1295,0.12
시력(좌),여,40~44세,895785,0.1이하,6610,0.74
시력(좌),여,40~44세,895785,0.2~0.4,42890,4.79
시력(좌),여,40~44세,895785,0.5~0.7,123912,13.83
시력(좌),여,40~44세,895785,0.8~1.0,395458,44.15
시력(좌),여,40~44세,895785,1.1~1.5,318135,35.51
시력(좌),여,40~44세,895785,1.6~2.0,8078,0.9
시력(좌),여,40~44세,895785,기타,702,0.08
시력(좌),남,45~49세,893975,0.1이하,4526,0.51
시력(좌),남,45~49세,893975,0.2~0.4,30941,3.46
시력(좌),남,45~49세,893975,0.5~0.7,119844,13.41
시력(좌),남,45~49세,893975,0.8~1.0,401081,44.86
시력(좌),남,45~49세,893975,1.1~1.5,328214,36.71
시력(좌),남,45~49세,893975,1.6~2.0,8082,0.9
시력(좌),남,45~49세,893975,기타,1287,0.14
시력(좌),여,45~49세,714438,0.1이하,5894,0.82
시력(좌),여,45~49세,714438,0.2~0.4,41715,5.84
시력(좌),여,45~49세,714438,0.5~0.7,129038,18.06
시력(좌),여,45~49세,714438,0.8~1.0,334910,46.88
시력(좌),여,45~49세,714438,1.1~1.5,197913,27.7
시력(좌),여,45~49세,714438,1.6~2.0,4252,0.6
시력(좌),여,45~49세,714438,기타,716,0.1
시력(좌),남,50~54세,1122326,0.1이하,6194,0.55
시력(좌),남,50~54세,1122326,0.2~0.4,40963,3.65
시력(좌),남,50~54세,1122326,0.5~0.7,170754,15.21
시력(좌),남,50~54세,1122326,0.8~1.0,528322,47.07
시력(좌),남,50~54세,1122326,1.1~1.5,366143,32.62
시력(좌),남,50~54세,1122326,1.6~2.0,7696,0.69
시력(좌),남,50~54세,1122326,기타,2254,0.2
시력(좌),여,50~54세,1050579,0.1이하,8813,0.84
시력(좌),여,50~54세,1050579,0.2~0.4,62444,5.94
시력(좌),여,50~54세,1050579,0.5~0.7,215195,20.48
시력(좌),여,50~54세,1050579,0.8~1.0,512240,48.76
시력(좌),여,50~54세,1050579,1.1~1.5,246581,23.47
시력(좌),여,50~54세,1050579,1.6~2.0,4095,0.39
시력(좌),여,50~54세,1050579,기타,1211,0.12
시력(좌),남,55~59세,882047,0.1이하,5431,0.62
시력(좌),남,55~59세,882047,0.2~0.4,33133,3.76
시력(좌),남,55~59세,882047,0.5~0.7,156614,17.76
시력(좌),남,55~59세,882047,0.8~1.0,432991,49.09
시력(좌),남,55~59세,882047,1.1~1.5,247121,28.02
시력(좌),남,55~59세,882047,1.6~2.0,4566,0.52
시력(좌),남,55~59세,882047,기타,2191,0.25
시력(좌),여,55~59세,869760,0.1이하,6575,0.76
시력(좌),여,55~59세,869760,0.2~0.4,49324,5.67
시력(좌),여,55~59세,869760,0.5~0.7,204064,23.46
시력(좌),여,55~59세,869760,0.8~1.0,438429,50.41
시력(좌),여,55~59세,869760,1.1~1.5,167724,19.28
시력(좌),여,55~59세,869760,1.6~2.0,2305,0.27
시력(좌),여,55~59세,869760,기타,1339,0.15
시력(좌),남,60~64세,951033,0.1이하,7442,0.78
시력(좌),남,60~64세,951033,0.2~0.4,49257,5.18
시력(좌),남,60~64세,951033,0.5~0.7,227443,23.92
시력(좌),남,60~64세,951033,0.8~1.0,469966,49.42
시력(좌),남,60~64세,951033,1.1~1.5,190577,20.04
시력(좌),남,60~64세,951033,1.6~2.0,2849,0.3
시력(좌),남,60~64세,951033,기타,3499,0.37
시력(좌),여,60~64세,1023246,0.1이하,9654,0.94
시력(좌),여,60~64세,1023246,0.2~0.4,77507,7.57
시력(좌),여,60~64세,1023246,0.5~0.7,311774,30.47
시력(좌),여,60~64세,1023246,0.8~1.0,492690,48.15
시력(좌),여,60~64세,1023246,1.1~1.5,127980,12.51
시력(좌),여,60~64세,1023246,1.6~2.0,1357,0.13
시력(좌),여,60~64세,1023246,기타,2284,0.22
시력(좌),남,65~69세,626880,0.1이하,6578,1.05
시력(좌),남,65~69세,626880,0.2~0.4,45833,7.31
시력(좌),남,65~69세,626880,0.5~0.7,186805,29.8
시력(좌),남,65~69세,626880,0.8~1.0,297497,47.46
시력(좌),남,65~69세,626880,1.1~1.5,86046,13.73
시력(좌),남,65~69세,626880,1.6~2.0,1042,0.17
시력(좌),남,65~69세,626880,기타,3079,0.49
시력(좌),여,65~69세,657595,0.1이하,8544,1.3
시력(좌),여,65~69세,657595,0.2~0.4,68226,10.38
시력(좌),여,65~69세,657595,0.5~0.7,240000,36.5
시력(좌),여,65~69세,657595,0.8~1.0,286585,43.58
시력(좌),여,65~69세,657595,1.1~1.5,51709,7.86
시력(좌),여,65~69세,657595,1.6~2.0,475,0.07
시력(좌),여,65~69세,657595,기타,2056,0.31
시력(좌),남,70~74세,515517,0.1이하,7974,1.55
시력(좌),남,70~74세,515517,0.2~0.4,53693,10.42
시력(좌),남,70~74세,515517,0.5~0.7,183662,35.63
시력(좌),남,70~74세,515517,0.8~1.0,221326,42.93
시력(좌),남,70~74세,515517,1.1~1.5,44592,8.65
시력(좌),남,70~74세,515517,1.6~2.0,454,0.09
시력(좌),남,70~74세,515517,기타,3816,0.74
시력(좌),여,70~74세,568282,0.1이하,11066,1.95
시력(좌),여,70~74세,568282,0.2~0.4,82615,14.54
시력(좌),여,70~74세,568282,0.5~0.7,235274,41.4
시력(좌),여,70~74세,568282,0.8~1.0,208476,36.69
시력(좌),여,70~74세,568282,1.1~1.5,27778,4.89
시력(좌),여,70~74세,568282,1.6~2.0,245,0.04
시력(좌),여,70~74세,568282,기타,2828,0.5
시력(좌),남,75~79세,228785,0.1이하,5507,2.41
시력(좌),남,75~79세,228785,0.2~0.4,31309,13.68
시력(좌),남,75~79세,228785,0.5~0.7,89893,39.29
시력(좌),남,75~79세,228785,0.8~1.0,86203,37.68
시력(좌),남,75~79세,228785,1.1~1.5,13163,5.75
시력(좌),남,75~79세,228785,1.6~2.0,136,0.06
시력(좌),남,75~79세,228785,기타,2574,1.13
시력(좌),여,75~79세,246688,0.1이하,7304,2.96
시력(좌),여,75~79세,246688,0.2~0.4,47387,19.21
시력(좌),여,75~79세,246688,0.5~0.7,106876,43.32
시력(좌),여,75~79세,246688,0.8~1.0,74887,30.36
시력(좌),여,75~79세,246688,1.1~1.5,8068,3.27
시력(좌),여,75~79세,246688,1.6~2.0,56,0.02
시력(좌),여,75~79세,246688,기타,2110,0.86
시력(좌),남,80~84세,164331,0.1이하,6244,3.8
시력(좌),남,80~84세,164331,0.2~0.4,31336,19.07
시력(좌),남,80~84세,164331,0.5~0.7,67086,40.82
시력(좌),남,80~84세,164331,0.8~1.0,50617,30.8
시력(좌),남,80~84세,164331,1.1~1.5,6356,3.87
시력(좌),남,80~84세,164331,1.6~2.0,53,0.03
시력(좌),남,80~84세,164331,기타,2639,1.61
시력(좌),여,80~84세,192353,0.1이하,9250,4.81
시력(좌),여,80~84세,192353,0.2~0.4,49610,25.79
시력(좌),여,80~84세,192353,0.5~0.7,82067,42.66
시력(좌),여,80~84세,192353,0.8~1.0,44956,23.37
시력(좌),여,80~84세,192353,1.1~1.5,3935,2.05
시력(좌),여,80~84세,192353,1.6~2.0,22,0.01
시력(좌),여,80~84세,192353,기타,2513,1.31
시력(좌),남,85세이상,44468,0.1이하,2987,6.72
시력(좌),남,85세이상,44468,0.2~0.4,11885,26.73
시력(좌),남,85세이상,44468,0.5~0.7,17834,40.11
시력(좌),남,85세이상,44468,0.8~1.0,9696,21.8
시력(좌),남,85세이상,44468,1.1~1.5,943,2.12
시력(좌),남,85세이상,44468,1.6~2.0,5,0.01
시력(좌),남,85세이상,44468,기타,1118,2.51
시력(좌),여,85세이상,62987,0.1이하,6728,10.68
시력(좌),여,85세이상,62987,0.2~0.4,22314,35.43
시력(좌),여,85세이상,62987,0.5~0.7,23154,36.76
시력(좌),여,85세이상,62987,0.8~1.0,8738,13.87
시력(좌),여,85세이상,62987,1.1~1.5,526,0.84
시력(좌),여,85세이상,62987,1.6~2.0,3,0
시력(좌),여,85세이상,62987,기타,1524,2.42
시력(우),남,19세이하,5725,0.1이하,74,1.29
시력(우),남,19세이하,5725,0.2~0.4,425,7.42
시력(우),남,19세이하,5725,0.5~0.7,885,15.46
시력(우),남,19세이하,5725,0.8~1.0,2352,41.08
시력(우),남,19세이하,5725,1.1~1.5,1945,33.97
시력(우),남,19세이하,5725,1.6~2.0,43,0.75
시력(우),남,19세이하,5725,기타,1,0.02
시력(우),여,19세이하,2929,0.1이하,56,1.91
시력(우),여,19세이하,2929,0.2~0.4,253,8.64
시력(우),여,19세이하,2929,0.5~0.7,537,18.33
시력(우),여,19세이하,2929,0.8~1.0,1277,43.6
시력(우),여,19세이하,2929,1.1~1.5,794,27.11
시력(우),여,19세이하,2929,1.6~2.0,12,0.41
시력(우),여,19세이하,2929,기타,0,0
시력(우),남,20~24세,232326,0.1이하,2266,0.98
시력(우),남,20~24세,232326,0.2~0.4,12041,5.18
시력(우),남,20~24세,232326,0.5~0.7,27879,12
시력(우),남,20~24세,232326,0.8~1.0,90476,38.94
시력(우),남,20~24세,232326,1.1~1.5,95874,41.27
시력(우),남,20~24세,232326,1.6~2.0,3611,1.55
시력(우),남,20~24세,232326,기타,179,0.08
시력(우),여,20~24세,312339,0.1이하,5542,1.77
시력(우),여,20~24세,312339,0.2~0.4,22393,7.17
시력(우),여,20~24세,312339,0.5~0.7,45400,14.54
시력(우),여,20~24세,312339,0.8~1.0,136946,43.85
시력(우),여,20~24세,312339,1.1~1.5,99897,31.98
시력(우),여,20~24세,312339,1.6~2.0,1984,0.64
시력(우),여,20~24세,312339,기타,177,0.06
시력(우),남,25~29세,626953,0.1이하,3687,0.59
시력(우),남,25~29세,626953,0.2~0.4,25264,4.03
시력(우),남,25~29세,626953,0.5~0.7,69273,11.05
시력(우),남,25~29세,626953,0.8~1.0,244548,39.01
시력(우),남,25~29세,626953,1.1~1.5,275126,43.88
시력(우),남,25~29세,626953,1.6~2.0,8695,1.39
시력(우),남,25~29세,626953,기타,360,0.06
시력(우),여,25~29세,578367,0.1이하,7211,1.25
시력(우),여,25~29세,578367,0.2~0.4,32274,5.58
시력(우),여,25~29세,578367,0.5~0.7,75233,13.01
시력(우),여,25~29세,578367,0.8~1.0,254120,43.94
시력(우),여,25~29세,578367,1.1~1.5,205640,35.56
시력(우),여,25~29세,578367,1.6~2.0,3646,0.63
시력(우),여,25~29세,578367,기타,243,0.04
시력(우),남,30~34세,923310,0.1이하,4643,0.5
시력(우),남,30~34세,923310,0.2~0.4,31745,3.44
시력(우),남,30~34세,923310,0.5~0.7,96609,10.46
시력(우),남,30~34세,923310,0.8~1.0,364273,39.45
시력(우),남,30~34세,923310,1.1~1.5,413682,44.8
시력(우),남,30~34세,923310,1.6~2.0,11838,1.28
시력(우),남,30~34세,923310,기타,520,0.06
시력(우),여,30~34세,717384,0.1이하,7201,1
시력(우),여,30~34세,717384,0.2~0.4,36700,5.12
시력(우),여,30~34세,717384,0.5~0.7,90236,12.58
시력(우),여,30~34세,717384,0.8~1.0,314468,43.84
시력(우),여,30~34세,717384,1.1~1.5,263682,36.76
시력(우),여,30~34세,717384,1.6~2.0,4748,0.66
시력(우),여,30~34세,717384,기타,349,0.05
시력(우),남,35~39세,771663,0.1이하,3118,0.4
시력(우),남,35~39세,771663,0.2~0.4,21065,2.73
시력(우),남,35~39세,771663,0.5~0.7,72824,9.44
시력(우),남,35~39세,771663,0.8~1.0,302701,39.23
시력(우),남,35~39세,771663,1.1~1.5,360960,46.78
시력(우),남,35~39세,771663,1.6~2.0,10416,1.35
시력(우),남,35~39세,771663,기타,579,0.08
시력(우),여,35~39세,529182,0.1이하,4175,0.79
시력(우),여,35~39세,529182,0.2~0.4,23326,4.41
시력(우),여,35~39세,529182,0.5~0.7,63199,11.94
시력(우),여,35~39세,529182,0.8~1.0,229737,43.41
시력(우),여,35~39세,529182,1.1~1.5,204153,38.58
시력(우),여,35~39세,529182,1.6~2.0,4337,0.82
시력(우),여,35~39세,529182,기타,255,0.05
시력(우),남,40~44세,1102857,0.1이하,4981,0.45
시력(우),남,40~44세,1102857,0.2~0.4,33326,3.02
시력(우),남,40~44세,1102857,0.5~0.7,118086,10.71
시력(우),남,40~44세,1102857,0.8~1.0,456983,41.44
시력(우),남,40~44세,1102857,1.1~1.5,475401,43.11
시력(우),남,40~44세,1102857,1.6~2.0,12838,1.16
시력(우),남,40~44세,1102857,기타,1242,0.11
시력(우),여,40~44세,895785,0.1이하,7078,0.79
시력(우),여,40~44세,895785,0.2~0.4,44876,5.01
시력(우),여,40~44세,895785,0.5~0.7,124104,13.85
시력(우),여,40~44세,895785,0.8~1.0,399399,44.59
시력(우),여,40~44세,895785,1.1~1.5,313215,34.97
시력(우),여,40~44세,895785,1.6~2.0,6452,0.72
시력(우),여,40~44세,895785,기타,661,0.07
시력(우),남,45~49세,893975,0.1이하,4531,0.51
시력(우),남,45~49세,893975,0.2~0.4,31915,3.57
시력(우),남,45~49세,893975,0.5~0.7,119384,13.35
시력(우),남,45~49세,893975,0.8~1.0,401224,44.88
시력(우),남,45~49세,893975,1.1~1.5,328570,36.75
시력(우),남,45~49세,893975,1.6~2.0,7091,0.79
시력(우),남,45~49세,893975,기타,1260,0.14
시력(우),여,45~49세,714438,0.1이하,6164,0.86
시력(우),여,45~49세,714438,0.2~0.4,43992,6.16
시력(우),여,45~49세,714438,0.5~0.7,128182,17.94
시력(우),여,45~49세,714438,0.8~1.0,337482,47.24
시력(우),여,45~49세,714438,1.1~1.5,194785,27.26
시력(우),여,45~49세,714438,1.6~2.0,3189,0.45
시력(우),여,45~49세,714438,기타,644,0.09
시력(우),남,50~54세,1122326,0.1이하,6398,0.57
시력(우),남,50~54세,1122326,0.2~0.4,41047,3.66
시력(우),남,50~54세,1122326,0.5~0.7,169056,15.06
시력(우),남,50~54세,1122326,0.8~1.0,530865,47.3
시력(우),남,50~54세,1122326,1.1~1.5,366322,32.64
시력(우),남,50~54세,1122326,1.6~2.0,6539,0.58
시력(우),남,50~54세,1122326,기타,2099,0.19
시력(우),여,50~54세,1050579,0.1이하,9038,0.86
시력(우),여,50~54세,1050579,0.2~0.4,64015,6.09
시력(우),여,50~54세,1050579,0.5~0.7,213915,20.36
시력(우),여,50~54세,1050579,0.8~1.0,518661,49.37
시력(우),여,50~54세,1050579,1.1~1.5,240590,22.9
시력(우),여,50~54세,1050579,1.6~2.0,3158,0.3
시력(우),여,50~54세,1050579,기타,1202,0.11
시력(우),남,55~59세,882047,0.1이하,5226,0.59
시력(우),남,55~59세,882047,0.2~0.4,33358,3.78
시력(우),남,55~59세,882047,0.5~0.7,154739,17.54
시력(우),남,55~59세,882047,0.8~1.0,437067,49.55
시력(우),남,55~59세,882047,1.1~1.5,245621,27.85
시력(우),남,55~59세,882047,1.6~2.0,3923,0.44
시력(우),남,55~59세,882047,기타,2113,0.24
시력(우),여,55~59세,869760,0.1이하,6719,0.77
시력(우),여,55~59세,869760,0.2~0.4,50293,5.78
시력(우),여,55~59세,869760,0.5~0.7,203738,23.42
시력(우),여,55~59세,869760,0.8~1.0,443258,50.96
시력(우),여,55~59세,869760,1.1~1.5,162691,18.71
시력(우),여,55~59세,869760,1.6~2.0,1782,0.2
시력(우),여,55~59세,869760,기타,1279,0.15
시력(우),남,60~64세,951034,0.1이하,7254,0.76
시력(우),남,60~64세,951034,0.2~0.4,48546,5.1
시력(우),남,60~64세,951034,0.5~0.7,222730,23.42
시력(우),남,60~64세,951034,0.8~1.0,475325,49.98
시력(우),남,60~64세,951034,1.1~1.5,191385,20.12
시력(우),남,60~64세,951034,1.6~2.0,2447,0.26
시력(우),남,60~64세,951034,기타,3347,0.35
시력(우),여,60~64세,1023246,0.1이하,10317,1.01
시력(우),여,60~64세,1023246,0.2~0.4,79231,7.74
시력(우),여,60~64세,1023246,0.5~0.7,310385,30.33
시력(우),여,60~64세,1023246,0.8~1.0,494245,48.3
시력(우),여,60~64세,1023246,1.1~1.5,125488,12.26
시력(우),여,60~64세,1023246,1.6~2.0,1198,0.12
시력(우),여,60~64세,1023246,기타,2382,0.23
시력(우),남,65~69세,626880,0.1이하,6631,1.06
시력(우),남,65~69세,626880,0.2~0.4,44641,7.12
시력(우),남,65~69세,626880,0.5~0.7,183630,29.29
시력(우),남,65~69세,626880,0.8~1.0,300762,47.98
시력(우),남,65~69세,626880,1.1~1.5,87200,13.91
시력(우),남,65~69세,626880,1.6~2.0,993,0.16
시력(우),남,65~69세,626880,기타,3023,0.48
시력(우),여,65~69세,657595,0.1이하,9074,1.38
시력(우),여,65~69세,657595,0.2~0.4,69450,10.56
시력(우),여,65~69세,657595,0.5~0.7,238691,36.3
시력(우),여,65~69세,657595,0.8~1.0,286158,43.52
시력(우),여,65~69세,657595,1.1~1.5,51692,7.86
시력(우),여,65~69세,657595,1.6~2.0,421,0.06
시력(우),여,65~69세,657595,기타,2109,0.32
시력(우),남,70~74세,515517,0.1이하,7999,1.55
시력(우),남,70~74세,515517,0.2~0.4,52550,10.19
시력(우),남,70~74세,515517,0.5~0.7,180485,35.01
시력(우),남,70~74세,515517,0.8~1.0,223786,43.41
시력(우),남,70~74세,515517,1.1~1.5,46538,9.03
시력(우),남,70~74세,515517,1.6~2.0,461,0.09
시력(우),남,70~74세,515517,기타,3698,0.72
시력(우),여,70~74세,568282,0.1이하,11722,2.06
시력(우),여,70~74세,568282,0.2~0.4,82787,14.57
시력(우),여,70~74세,568282,0.5~0.7,232031,40.83
시력(우),여,70~74세,568282,0.8~1.0,210204,36.99
시력(우),여,70~74세,568282,1.1~1.5,28359,4.99
시력(우),여,70~74세,568282,1.6~2.0,179,0.03
시력(우),여,70~74세,568282,기타,3000,0.53
시력(우),남,75~79세,228785,0.1이하,5324,2.33
시력(우),남,75~79세,228785,0.2~0.4,30518,13.34
시력(우),남,75~79세,228785,0.5~0.7,87987,38.46
시력(우),남,75~79세,228785,0.8~1.0,88137,38.52
시력(우),남,75~79세,228785,1.1~1.5,14235,6.22
시력(우),남,75~79세,228785,1.6~2.0,127,0.06
시력(우),남,75~79세,228785,기타,2457,1.07
시력(우),여,75~79세,246688,0.1이하,7547,3.06
시력(우),여,75~79세,246688,0.2~0.4,46857,18.99
시력(우),여,75~79세,246688,0.5~0.7,104500,42.36
시력(우),여,75~79세,246688,0.8~1.0,76796,31.13
시력(우),여,75~79세,246688,1.1~1.5,8765,3.55
시력(우),여,75~79세,246688,1.6~2.0,70,0.03
시력(우),여,75~79세,246688,기타,2153,0.87
시력(우),남,80~84세,164331,0.1이하,5993,3.65
시력(우),남,80~84세,164331,0.2~0.4,30076,18.3
시력(우),남,80~84세,164331,0.5~0.7,66511,40.47
시력(우),남,80~84세,164331,0.8~1.0,51878,31.57
시력(우),남,80~84세,164331,1.1~1.5,7120,4.33
시력(우),남,80~84세,164331,1.6~2.0,54,0.03
시력(우),남,80~84세,164331,기타,2699,1.64
시력(우),여,80~84세,192353,0.1이하,9150,4.76
시력(우),여,80~84세,192353,0.2~0.4,48075,24.99
시력(우),여,80~84세,192353,0.5~0.7,80907,42.06
시력(우),여,80~84세,192353,0.8~1.0,47088,24.48
시력(우),여,80~84세,192353,1.1~1.5,4565,2.37
시력(우),여,80~84세,192353,1.6~2.0,33,0.02
시력(우),여,80~84세,192353,기타,2535,1.32
시력(우),남,85세이상,44468,0.1이하,2933,6.6
시력(우),남,85세이상,44468,0.2~0.4,11490,25.84
시력(우),남,85세이상,44468,0.5~0.7,17491,39.33
시력(우),남,85세이상,44468,0.8~1.0,10391,23.37
시력(우),남,85세이상,44468,1.1~1.5,1040,2.34
시력(우),남,85세이상,44468,1.6~2.0,10,0.02
시력(우),남,85세이상,44468,기타,1113,2.5
시력(우),여,85세이상,62987,0.1이하,6646,10.55
시력(우),여,85세이상,62987,0.2~0.4,21703,34.46
시력(우),여,85세이상,62987,0.5~0.7,23019,36.55
시력(우),여,85세이상,62987,0.8~1.0,9465,15.03
시력(우),여,85세이상,62987,1.1~1.5,643,1.02
시력(우),여,85세이상,62987,1.6~2.0,0,0
시력(우),여,85세이상,62987,기타,1511,2.4
